{
  "groups": [
    {
      "Placename":"Alabama",
      "PlacenameFull":"Alabama",
      "FIPS":"01",
      "GNIS":"1779775",
      "StateAP":"Ala.",
      "StatePostal":"AL",

      "PctChange":"0.0747984",
      "Pop":"4779736",

      "PctHisp":"0.03883100",
      "PctNonHisp":"0.96116900",
      "PctWhite":"0.68526700",
      "PctNonHispWhite":"0.67041400",
      "PctBlack":"0.26179500",
      "PctAmInd":"0.00590400",
      "PctAsian":"0.01121300",
      "PctNatHawOth":"0.00064000",
      "PctTwoOrMore":"0.01490700",
      "PctOther":"0.02027500",
      "USATDiversityIndex":"0.48106300",

      "PopSqMi":"94.40000000",

      "LandSqMi":"50645.30000000",
      "WaterSqMi":"1774.70000000",
      "TotSqMi":"52420.10000000",

      "Lat":"32.7396323000",
      "Long":"-86.8434593000",
      "HousingUnits":"2171853",
      "PctVacant":"0.13263400"
    },
    {
      "Placename":"Alaska",
      "PlacenameFull":"Alaska",
      "FIPS":"02",
      "GNIS":"1785533",
      "StateAP":"Alaska",
      "StatePostal":"AK",
      "PctChange":"0.132868",
      "Pop":"710231",
      "PctHisp":"0.05526200",
      "PctNonHisp":"0.94473800",
      "PctWhite":"0.66679200",
      "PctNonHispWhite":"0.64108700",
      "PctBlack":"0.03275400",
      "PctAmInd":"0.14765800",
      "PctAsian":"0.05369400",
      "PctNatHawOth":"0.01043200",
      "PctTwoOrMore":"0.07304000",
      "PctOther":"0.01563200",
      "USATDiversityIndex":"0.56515900",
      "PopSqMi":"1.20000000",
      "LandSqMi":"570640.90000000",
      "WaterSqMi":"94743.10000000",
      "TotSqMi":"665384.00000000",
      "Lat":"63.3461910000",
      "Long":"-152.8370679000",
      "HousingUnits":"306967",
      "PctVacant":"0.15933000"
    },
    {
      "Placename":"Arizona",
      "PlacenameFull":"Arizona",
      "FIPS":"04",
      "GNIS":"1779777",
      "StateAP":"Ariz.",
      "StatePostal":"AZ",
      "PctChange":"0.245854",
      "Pop":"6392017",
      "PctHisp":"0.29648700",
      "PctNonHisp":"0.70351300",
      "PctWhite":"0.73014800",
      "PctNonHispWhite":"0.57816600",
      "PctBlack":"0.04052100",
      "PctAmInd":"0.04639100",
      "PctAsian":"0.02764300",
      "PctNatHawOth":"0.00197900",
      "PctTwoOrMore":"0.03415200",
      "PctOther":"0.11916700",
      "USATDiversityIndex":"0.59609300",
      "PopSqMi":"56.30000000",
      "LandSqMi":"113594.10000000",
      "WaterSqMi":"396.20000000",
      "TotSqMi":"113990.30000000",
      "Lat":"34.2099643000",
      "Long":"-111.6024010000",
      "HousingUnits":"2844526",
      "PctVacant":"0.16295700"
    },
    {
      "Placename":"Arkansas",
      "PlacenameFull":"Arkansas",
      "FIPS":"05",
      "GNIS":"68085",
      "StateAP":"Ark.",
      "StatePostal":"AR",
      "PctChange":"0.0907152",
      "Pop":"2915918",
      "PctHisp":"0.06380500",
      "PctNonHisp":"0.93619500",
      "PctWhite":"0.76999000",
      "PctNonHispWhite":"0.74538100",
      "PctBlack":"0.15428900",
      "PctAmInd":"0.00763000",
      "PctAsian":"0.01238100",
      "PctNatHawOth":"0.00201100",
      "PctTwoOrMore":"0.01955100",
      "PctOther":"0.03414700",
      "USATDiversityIndex":"0.41770600",
      "PopSqMi":"56.00000000",
      "LandSqMi":"52035.50000000",
      "WaterSqMi":"1143.10000000",
      "TotSqMi":"53178.50000000",
      "Lat":"34.8955256000",
      "Long":"-92.4446262000",
      "HousingUnits":"1316299",
      "PctVacant":"0.12855400"
    },
    {
      "Placename":"California",
      "PlacenameFull":"California",
      "FIPS":"06",
      "GNIS":"1779778",
      "StateAP":"Calif.",
      "StatePostal":"CA",
      "PctChange":"0.0998566",
      "Pop":"37253956",
      "PctHisp":"0.37616700",
      "PctNonHisp":"0.62383300",
      "PctWhite":"0.57588300",
      "PctNonHispWhite":"0.40146800",
      "PctBlack":"0.06171300",
      "PctAmInd":"0.00973900",
      "PctAsian":"0.13048300",
      "PctNatHawOth":"0.00387600",
      "PctTwoOrMore":"0.04873000",
      "PctOther":"0.16957600",
      "USATDiversityIndex":"0.72867600",
      "PopSqMi":"239.10000000",
      "LandSqMi":"155779.20000000",
      "WaterSqMi":"7915.50000000",
      "TotSqMi":"163694.70000000",
      "Lat":"37.1485730000",
      "Long":"-119.5406515000",
      "HousingUnits":"13680081",
      "PctVacant":"0.08059800"
    },
    {
      "Placename":"Colorado",
      "PlacenameFull":"Colorado",
      "FIPS":"08",
      "GNIS":"1779779",
      "StateAP":"Colo.",
      "StatePostal":"CO",
      "PctChange":"0.169238",
      "Pop":"5029196",
      "PctHisp":"0.20653100",
      "PctNonHisp":"0.79346900",
      "PctWhite":"0.81309300",
      "PctNonHispWhite":"0.70007100",
      "PctBlack":"0.04011300",
      "PctAmInd":"0.01113700",
      "PctAsian":"0.02764400",
      "PctNatHawOth":"0.00131700",
      "PctTwoOrMore":"0.03429100",
      "PctOther":"0.07240500",
      "USATDiversityIndex":"0.48152100",
      "PopSqMi":"48.50000000",
      "LandSqMi":"103641.90000000",
      "WaterSqMi":"451.80000000",
      "TotSqMi":"104093.70000000",
      "Lat":"38.9935752000",
      "Long":"-105.5077737000",
      "HousingUnits":"2212898",
      "PctVacant":"0.10846900"
    },
    {
      "Placename":"Connecticut",
      "PlacenameFull":"Connecticut",
      "FIPS":"09",
      "GNIS":"1779780",
      "StateAP":"Conn.",
      "StatePostal":"CT",
      "PctChange":"0.0494872",
      "Pop":"3574097",
      "PctHisp":"0.13404400",
      "PctNonHisp":"0.86595600",
      "PctWhite":"0.77569500",
      "PctNonHispWhite":"0.71242100",
      "PctBlack":"0.10136700",
      "PctAmInd":"0.00314900",
      "PctAsian":"0.03793000",
      "PctNatHawOth":"0.00040000",
      "PctTwoOrMore":"0.02593000",
      "PctOther":"0.05552900",
      "USATDiversityIndex":"0.47196800",
      "PopSqMi":"738.10000000",
      "LandSqMi":"4842.40000000",
      "WaterSqMi":"701.10000000",
      "TotSqMi":"5543.40000000",
      "Lat":"41.5797842000",
      "Long":"-72.7466666000",
      "HousingUnits":"1487891",
      "PctVacant":"0.07850300"
    },
    {
      "Placename":"Delaware",
      "PlacenameFull":"Delaware",
      "FIPS":"10",
      "GNIS":"1779781",
      "StateAP":"Del.",
      "StatePostal":"DE",
      "PctChange":"0.145909",
      "Pop":"897934",
      "PctHisp":"0.08154400",
      "PctNonHisp":"0.91845600",
      "PctWhite":"0.68893400",
      "PctNonHispWhite":"0.65344700",
      "PctBlack":"0.21361700",
      "PctAmInd":"0.00465600",
      "PctAsian":"0.03179400",
      "PctNatHawOth":"0.00044500",
      "PctTwoOrMore":"0.02656500",
      "PctOther":"0.03398800",
      "USATDiversityIndex":"0.52505300",
      "PopSqMi":"460.80000000",
      "LandSqMi":"1948.50000000",
      "WaterSqMi":"540.20000000",
      "TotSqMi":"2488.70000000",
      "Lat":"38.9935501000",
      "Long":"-75.4473739000",
      "HousingUnits":"405885",
      "PctVacant":"0.15666500"
    },
    {
      "Placename":"District of Columbia",
      "PlacenameFull":"District of Columbia",
      "FIPS":"11",
      "GNIS":"1702382",
      "StateAP":"D.C.",
      "StatePostal":"DC",
      "PctChange":"0.0518548",
      "Pop":"601723",
      "PctHisp":"0.09098700",
      "PctNonHisp":"0.90901300",
      "PctWhite":"0.38468000",
      "PctNonHispWhite":"0.34810700",
      "PctBlack":"0.50708500",
      "PctAmInd":"0.00345500",
      "PctAsian":"0.03499300",
      "PctNatHawOth":"0.00050200",
      "PctTwoOrMore":"0.02877700",
      "PctOther":"0.04050700",
      "USATDiversityIndex":"0.63162700",
      "PopSqMi":"9856.50000000",
      "LandSqMi":"61.00000000",
      "WaterSqMi":"7.30000000",
      "TotSqMi":"68.30000000",
      "Lat":"38.9041485000",
      "Long":"-77.0170942000",
      "HousingUnits":"296719",
      "PctVacant":"0.10114600"
    },
    {
      "Placename":"Florida",
      "PlacenameFull":"Florida",
      "FIPS":"12",
      "GNIS":"294478",
      "StateAP":"Fla.",
      "StatePostal":"FL",
      "PctChange":"0.176378",
      "Pop":"18801310",
      "PctHisp":"0.22465500",
      "PctNonHisp":"0.77534500",
      "PctWhite":"0.75043500",
      "PctNonHispWhite":"0.57893400",
      "PctBlack":"0.15955600",
      "PctAmInd":"0.00380100",
      "PctAsian":"0.02419100",
      "PctNatHawOth":"0.00065300",
      "PctTwoOrMore":"0.02513500",
      "PctOther":"0.03622900",
      "USATDiversityIndex":"0.58664500",
      "PopSqMi":"350.60000000",
      "LandSqMi":"53624.80000000",
      "WaterSqMi":"12132.90000000",
      "TotSqMi":"65757.70000000",
      "Lat":"28.4574302000",
      "Long":"-82.4091478000",
      "HousingUnits":"8989580",
      "PctVacant":"0.17451100"
    },
    {
      "Placename":"Georgia",
      "PlacenameFull":"Georgia",
      "FIPS":"13",
      "GNIS":"1705317",
      "StateAP":"Ga.",
      "StatePostal":"GA",
      "PctChange":"0.183376",
      "Pop":"9687653",
      "PctHisp":"0.08812100",
      "PctNonHisp":"0.91187900",
      "PctWhite":"0.59740400",
      "PctNonHispWhite":"0.55884700",
      "PctBlack":"0.30455600",
      "PctAmInd":"0.00331900",
      "PctAsian":"0.03246100",
      "PctNatHawOth":"0.00070200",
      "PctTwoOrMore":"0.02141800",
      "PctOther":"0.04014100",
      "USATDiversityIndex":"0.58942300",
      "PopSqMi":"168.40000000",
      "LandSqMi":"57513.50000000",
      "WaterSqMi":"1911.70000000",
      "TotSqMi":"59425.20000000",
      "Lat":"32.6293840000",
      "Long":"-83.4232125000",
      "HousingUnits":"4088801",
      "PctVacant":"0.12307200"
    },
    {
      "Placename":"Hawaii",
      "PlacenameFull":"Hawaii",
      "FIPS":"15",
      "GNIS":"1779782",
      "StateAP":"Hawaii",
      "StatePostal":"HI",
      "PctChange":"0.122789",
      "Pop":"1360301",
      "PctHisp":"0.08883500",
      "PctNonHisp":"0.91116500",
      "PctWhite":"0.24744400",
      "PctNonHispWhite":"0.22740800",
      "PctBlack":"0.01574900",
      "PctAmInd":"0.00306100",
      "PctAsian":"0.38600100",
      "PctNatHawOth":"0.09955300",
      "PctTwoOrMore":"0.23570400",
      "PctOther":"0.01248600",
      "USATDiversityIndex":"0.81058400",
      "PopSqMi":"211.80000000",
      "LandSqMi":"6422.60000000",
      "WaterSqMi":"4509.10000000",
      "TotSqMi":"10931.70000000",
      "Lat":"19.8097670000",
      "Long":"-155.5061027000",
      "HousingUnits":"519508",
      "PctVacant":"0.12352100"
    },
    {
      "Placename":"Idaho",
      "PlacenameFull":"Idaho",
      "FIPS":"16",
      "GNIS":"1779783",
      "StateAP":"Idaho",
      "StatePostal":"ID",
      "PctChange":"0.211467",
      "Pop":"1567582",
      "PctHisp":"0.11221200",
      "PctNonHisp":"0.88778800",
      "PctWhite":"0.89085400",
      "PctNonHispWhite":"0.83966500",
      "PctBlack":"0.00625800",
      "PctAmInd":"0.01367800",
      "PctAsian":"0.01216500",
      "PctNatHawOth":"0.00147800",
      "PctTwoOrMore":"0.02483800",
      "PctOther":"0.05073000",
      "USATDiversityIndex":"0.29442800",
      "PopSqMi":"19.00000000",
      "LandSqMi":"82643.10000000",
      "WaterSqMi":"925.80000000",
      "TotSqMi":"83568.90000000",
      "Lat":"44.3020948000",
      "Long":"-114.5956254000",
      "HousingUnits":"667796",
      "PctVacant":"0.13235800"
    },
    {
      "Placename":"Illinois",
      "PlacenameFull":"Illinois",
      "FIPS":"17",
      "GNIS":"1779784",
      "StateAP":"Ill.",
      "StatePostal":"IL",
      "PctChange":"0.033121",
      "Pop":"12830632",
      "PctHisp":"0.15802600",
      "PctNonHisp":"0.84197400",
      "PctWhite":"0.71531000",
      "PctNonHispWhite":"0.63658200",
      "PctBlack":"0.14546500",
      "PctAmInd":"0.00342600",
      "PctAsian":"0.04574500",
      "PctNatHawOth":"0.00031600",
      "PctTwoOrMore":"0.02260100",
      "PctOther":"0.06713700",
      "USATDiversityIndex":"0.54887600",
      "PopSqMi":"231.10000000",
      "LandSqMi":"55518.90000000",
      "WaterSqMi":"2394.60000000",
      "TotSqMi":"57913.60000000",
      "Lat":"40.1028754000",
      "Long":"-89.1526108000",
      "HousingUnits":"5296715",
      "PctVacant":"0.08679800"
    },
    {
      "Placename":"Indiana",
      "PlacenameFull":"Indiana",
      "FIPS":"18",
      "GNIS":"448508",
      "StateAP":"Ind.",
      "StatePostal":"IN",
      "PctChange":"0.0663297",
      "Pop":"6483802",
      "PctHisp":"0.06010500",
      "PctNonHisp":"0.93989500",
      "PctWhite":"0.84331800",
      "PctNonHispWhite":"0.81533200",
      "PctBlack":"0.09121100",
      "PctAmInd":"0.00284700",
      "PctAsian":"0.01580500",
      "PctNatHawOth":"0.00036200",
      "PctTwoOrMore":"0.01972600",
      "PctOther":"0.02673000",
      "USATDiversityIndex":"0.32600900",
      "PopSqMi":"181.00000000",
      "LandSqMi":"35826.10000000",
      "WaterSqMi":"593.40000000",
      "TotSqMi":"36419.60000000",
      "Lat":"39.9030256000",
      "Long":"-86.2839503000",
      "HousingUnits":"2795541",
      "PctVacant":"0.10494800"
    },
    {
      "Placename":"Iowa",
      "PlacenameFull":"Iowa",
      "FIPS":"19",
      "GNIS":"1779785",
      "StateAP":"Iowa",
      "StatePostal":"IA",
      "PctChange":"0.0410177",
      "Pop":"3046355",
      "PctHisp":"0.04974600",
      "PctNonHisp":"0.95025400",
      "PctWhite":"0.91307800",
      "PctNonHispWhite":"0.88667400",
      "PctBlack":"0.02926400",
      "PctAmInd":"0.00363800",
      "PctAsian":"0.01742900",
      "PctNatHawOth":"0.00065800",
      "PctTwoOrMore":"0.01750700",
      "PctOther":"0.01842600",
      "USATDiversityIndex":"0.21539900",
      "PopSqMi":"54.50000000",
      "LandSqMi":"55857.10000000",
      "WaterSqMi":"415.70000000",
      "TotSqMi":"56272.80000000",
      "Lat":"42.0700243000",
      "Long":"-93.4933473000",
      "HousingUnits":"1336417",
      "PctVacant":"0.08593200"
    },
    {
      "Placename":"Kansas",
      "PlacenameFull":"Kansas",
      "FIPS":"20",
      "GNIS":"481813",
      "StateAP":"Kan.",
      "StatePostal":"KS",
      "PctChange":"0.0612628",
      "Pop":"2853118",
      "PctHisp":"0.10516300",
      "PctNonHisp":"0.89483700",
      "PctWhite":"0.83804600",
      "PctNonHispWhite":"0.78179000",
      "PctBlack":"0.05883500",
      "PctAmInd":"0.00986600",
      "PctAsian":"0.02375000",
      "PctNatHawOth":"0.00078400",
      "PctTwoOrMore":"0.03011900",
      "PctOther":"0.03859900",
      "USATDiversityIndex":"0.37954000",
      "PopSqMi":"34.90000000",
      "LandSqMi":"81758.70000000",
      "WaterSqMi":"519.60000000",
      "TotSqMi":"82278.40000000",
      "Lat":"38.4985464000",
      "Long":"-98.3834298000",
      "HousingUnits":"1233215",
      "PctVacant":"0.09821400"
    },
    {
      "Placename":"Kentucky",
      "PlacenameFull":"Kentucky",
      "FIPS":"21",
      "GNIS":"1779786",
      "StateAP":"Ky.",
      "StatePostal":"KY",
      "PctChange":"0.0736306",
      "Pop":"4339367",
      "PctHisp":"0.03061200",
      "PctNonHisp":"0.96938800",
      "PctWhite":"0.87790200",
      "PctNonHispWhite":"0.86318000",
      "PctBlack":"0.07778100",
      "PctAmInd":"0.00233200",
      "PctAsian":"0.01127600",
      "PctNatHawOth":"0.00057600",
      "PctTwoOrMore":"0.01733200",
      "PctOther":"0.01280200",
      "USATDiversityIndex":"0.25013800",
      "PopSqMi":"109.90000000",
      "LandSqMi":"39486.30000000",
      "WaterSqMi":"921.50000000",
      "TotSqMi":"40407.80000000",
      "Lat":"37.5336807000",
      "Long":"-85.2929841000",
      "HousingUnits":"1927164",
      "PctVacant":"0.10751500"
    },
    {
      "Placename":"Louisiana",
      "PlacenameFull":"Louisiana",
      "FIPS":"22",
      "GNIS":"1629543",
      "StateAP":"La.",
      "StatePostal":"LA",
      "PctChange":"0.0144096",
      "Pop":"4533372",
      "PctHisp":"0.04247600",
      "PctNonHisp":"0.95752400",
      "PctWhite":"0.62562500",
      "PctNonHispWhite":"0.60327800",
      "PctBlack":"0.32037900",
      "PctAmInd":"0.00674500",
      "PctAsian":"0.01547000",
      "PctNatHawOth":"0.00043300",
      "PctTwoOrMore":"0.01607700",
      "PctOther":"0.01527100",
      "USATDiversityIndex":"0.53168300",
      "PopSqMi":"104.90000000",
      "LandSqMi":"43203.90000000",
      "WaterSqMi":"9174.20000000",
      "TotSqMi":"52378.10000000",
      "Lat":"30.8577705000",
      "Long":"-91.8032730000",
      "HousingUnits":"1964981",
      "PctVacant":"0.12041900"
    },
    {
      "Placename":"Maine",
      "PlacenameFull":"Maine",
      "FIPS":"23",
      "GNIS":"1779787",
      "StateAP":"Maine",
      "StatePostal":"ME",
      "PctChange":"0.0419147",
      "Pop":"1328361",
      "PctHisp":"0.01274900",
      "PctNonHisp":"0.98725100",
      "PctWhite":"0.95228000",
      "PctNonHispWhite":"0.94424400",
      "PctBlack":"0.01182400",
      "PctAmInd":"0.00645000",
      "PctAsian":"0.01021600",
      "PctNatHawOth":"0.00025700",
      "PctTwoOrMore":"0.01576500",
      "PctOther":"0.00320800",
      "USATDiversityIndex":"0.11001200",
      "PopSqMi":"43.10000000",
      "LandSqMi":"30842.90000000",
      "WaterSqMi":"4536.80000000",
      "TotSqMi":"35379.70000000",
      "Lat":"45.3906022000",
      "Long":"-68.6574869000",
      "HousingUnits":"721830",
      "PctVacant":"0.22804700"
    },
    {
      "Placename":"Maryland",
      "PlacenameFull":"Maryland",
      "FIPS":"24",
      "GNIS":"1714934",
      "StateAP":"Md.",
      "StatePostal":"MD",
      "PctChange":"0.0900722",
      "Pop":"5773552",
      "PctHisp":"0.08151500",
      "PctNonHisp":"0.91848500",
      "PctWhite":"0.58184000",
      "PctNonHispWhite":"0.54697000",
      "PctBlack":"0.29449800",
      "PctAmInd":"0.00353700",
      "PctAsian":"0.05522600",
      "PctNatHawOth":"0.00054700",
      "PctTwoOrMore":"0.02852800",
      "PctOther":"0.03582400",
      "USATDiversityIndex":"0.60824300",
      "PopSqMi":"594.80000000",
      "LandSqMi":"9707.20000000",
      "WaterSqMi":"2698.70000000",
      "TotSqMi":"12405.90000000",
      "Lat":"38.9466584000",
      "Long":"-76.6744939000",
      "HousingUnits":"2378814",
      "PctVacant":"0.09349300"
    },
    {
      "Placename":"Massachusetts",
      "PlacenameFull":"Massachusetts",
      "FIPS":"25",
      "GNIS":"606926",
      "StateAP":"Mass.",
      "StatePostal":"MA",
      "PctChange":"0.0312693",
      "Pop":"6547629",
      "PctHisp":"0.09586000",
      "PctNonHisp":"0.90414000",
      "PctWhite":"0.80414400",
      "PctNonHispWhite":"0.76131400",
      "PctBlack":"0.06634400",
      "PctAmInd":"0.00287900",
      "PctAsian":"0.05341900",
      "PctNatHawOth":"0.00034000",
      "PctTwoOrMore":"0.02627000",
      "PctOther":"0.04660500",
      "USATDiversityIndex":"0.40529900",
      "PopSqMi":"839.40000000",
      "LandSqMi":"7800.10000000",
      "WaterSqMi":"2754.30000000",
      "TotSqMi":"10554.40000000",
      "Lat":"42.1565196000",
      "Long":"-71.4895915000",
      "HousingUnits":"2808254",
      "PctVacant":"0.09300400"
    },
    {
      "Placename":"Michigan",
      "PlacenameFull":"Michigan",
      "FIPS":"26",
      "GNIS":"1779789",
      "StateAP":"Mich.",
      "StatePostal":"MI",
      "PctChange":"-0.00551434",
      "Pop":"9883640",
      "PctHisp":"0.04415000",
      "PctNonHisp":"0.95585000",
      "PctWhite":"0.78949900",
      "PctNonHispWhite":"0.76590600",
      "PctBlack":"0.14168500",
      "PctAmInd":"0.00627400",
      "PctAsian":"0.02410000",
      "PctNatHawOth":"0.00026300",
      "PctTwoOrMore":"0.02330300",
      "PctOther":"0.01487600",
      "USATDiversityIndex":"0.39240900",
      "PopSqMi":"174.80000000",
      "LandSqMi":"56538.90000000",
      "WaterSqMi":"40174.60000000",
      "TotSqMi":"96713.50000000",
      "Lat":"44.8410835000",
      "Long":"-85.6593197000",
      "HousingUnits":"4532233",
      "PctVacant":"0.14556300"
    },
    {
      "Placename":"Minnesota",
      "PlacenameFull":"Minnesota",
      "FIPS":"27",
      "GNIS":"662849",
      "StateAP":"Minn.",
      "StatePostal":"MN",
      "PctChange":"0.0781477",
      "Pop":"5303925",
      "PctHisp":"0.04718400",
      "PctNonHisp":"0.95281600",
      "PctWhite":"0.85296500",
      "PctNonHispWhite":"0.83054400",
      "PctBlack":"0.05173800",
      "PctAmInd":"0.01148500",
      "PctAsian":"0.04039200",
      "PctNatHawOth":"0.00040600",
      "PctTwoOrMore":"0.02359500",
      "PctOther":"0.01942000",
      "USATDiversityIndex":"0.30718000",
      "PopSqMi":"66.60000000",
      "LandSqMi":"79626.70000000",
      "WaterSqMi":"7309.10000000",
      "TotSqMi":"86935.80000000",
      "Lat":"46.3161343000",
      "Long":"-94.1994801000",
      "HousingUnits":"2347201",
      "PctVacant":"0.11075900"
    },
    {
      "Placename":"Mississippi",
      "PlacenameFull":"Mississippi",
      "FIPS":"28",
      "GNIS":"1779790",
      "StateAP":"Miss.",
      "StatePostal":"MS",
      "PctChange":"0.043112",
      "Pop":"2967297",
      "PctHisp":"0.02746000",
      "PctNonHisp":"0.97254000",
      "PctWhite":"0.59134100",
      "PctNonHispWhite":"0.58042300",
      "PctBlack":"0.37016300",
      "PctAmInd":"0.00506500",
      "PctAsian":"0.00867500",
      "PctNatHawOth":"0.00040000",
      "PctTwoOrMore":"0.01149400",
      "PctOther":"0.01286100",
      "USATDiversityIndex":"0.52710900",
      "PopSqMi":"63.20000000",
      "LandSqMi":"46923.30000000",
      "WaterSqMi":"1508.50000000",
      "TotSqMi":"48431.80000000",
      "Lat":"32.6864655000",
      "Long":"-89.6561493000",
      "HousingUnits":"1274719",
      "PctVacant":"0.12469500"
    },
    {
      "Placename":"Missouri",
      "PlacenameFull":"Missouri",
      "FIPS":"29",
      "GNIS":"1779791",
      "StateAP":"Mo.",
      "StatePostal":"MO",
      "PctChange":"0.0703666",
      "Pop":"5988927",
      "PctHisp":"0.03547700",
      "PctNonHisp":"0.96452300",
      "PctWhite":"0.82799000",
      "PctNonHispWhite":"0.80995300",
      "PctBlack":"0.11577900",
      "PctAmInd":"0.00457100",
      "PctAsian":"0.01637700",
      "PctNatHawOth":"0.00104500",
      "PctTwoOrMore":"0.02080300",
      "PctOther":"0.01343400",
      "USATDiversityIndex":"0.33073200",
      "PopSqMi":"87.10000000",
      "LandSqMi":"68741.50000000",
      "WaterSqMi":"965.50000000",
      "TotSqMi":"69707.00000000",
      "Lat":"38.3507500000",
      "Long":"-92.4567826000",
      "HousingUnits":"2712729",
      "PctVacant":"0.12427300"
    },
    {
      "Placename":"Montana",
      "PlacenameFull":"Montana",
      "FIPS":"30",
      "GNIS":"767982",
      "StateAP":"Mont.",
      "StatePostal":"MT",
      "PctChange":"0.0966753",
      "Pop":"989415",
      "PctHisp":"0.02887100",
      "PctNonHisp":"0.97112900",
      "PctWhite":"0.89442900",
      "PctNonHispWhite":"0.87792100",
      "PctBlack":"0.00407000",
      "PctAmInd":"0.06322400",
      "PctAsian":"0.00632000",
      "PctNatHawOth":"0.00067500",
      "PctTwoOrMore":"0.02524300",
      "PctOther":"0.00603900",
      "USATDiversityIndex":"0.23178000",
      "PopSqMi":"6.80000000",
      "LandSqMi":"145545.80000000",
      "WaterSqMi":"1493.90000000",
      "TotSqMi":"147039.70000000",
      "Lat":"47.0511771000",
      "Long":"-109.6348174000",
      "HousingUnits":"482825",
      "PctVacant":"0.15164500"
    },
    {
      "Placename":"Nebraska",
      "PlacenameFull":"Nebraska",
      "FIPS":"31",
      "GNIS":"1779792",
      "StateAP":"Neb.",
      "StatePostal":"NE",
      "PctChange":"0.0672474",
      "Pop":"1826341",
      "PctHisp":"0.09166100",
      "PctNonHisp":"0.90833900",
      "PctWhite":"0.86119600",
      "PctNonHispWhite":"0.82117900",
      "PctBlack":"0.04538300",
      "PctAmInd":"0.01009000",
      "PctAsian":"0.01768200",
      "PctNatHawOth":"0.00070000",
      "PctTwoOrMore":"0.02163300",
      "PctOther":"0.04331600",
      "USATDiversityIndex":"0.32234400",
      "PopSqMi":"23.80000000",
      "LandSqMi":"76824.20000000",
      "WaterSqMi":"523.60000000",
      "TotSqMi":"77347.80000000",
      "Lat":"41.5438105000",
      "Long":"-99.8123253000",
      "HousingUnits":"796793",
      "PctVacant":"0.09495900"
    },
    {
      "Placename":"Nevada",
      "PlacenameFull":"Nevada",
      "FIPS":"32",
      "GNIS":"1779793",
      "StateAP":"Nev.",
      "StatePostal":"NV",
      "PctChange":"0.351453",
      "Pop":"2700551",
      "PctHisp":"0.26531700",
      "PctNonHisp":"0.73468300",
      "PctWhite":"0.66160100",
      "PctNonHispWhite":"0.54140100",
      "PctBlack":"0.08095600",
      "PctAmInd":"0.01187200",
      "PctAsian":"0.07236900",
      "PctNatHawOth":"0.00624700",
      "PctTwoOrMore":"0.04668500",
      "PctOther":"0.12026900",
      "USATDiversityIndex":"0.64547300",
      "PopSqMi":"24.60000000",
      "LandSqMi":"109781.20000000",
      "WaterSqMi":"790.60000000",
      "TotSqMi":"110571.80000000",
      "Lat":"39.3310928000",
      "Long":"-116.6151469000",
      "HousingUnits":"1173814",
      "PctVacant":"0.14275200"
    },
    {
      "Placename":"New Hampshire",
      "PlacenameFull":"New Hampshire",
      "FIPS":"33",
      "GNIS":"1779794",
      "StateAP":"N.H.",
      "StatePostal":"NH",
      "PctChange":"0.0652896",
      "Pop":"1316470",
      "PctHisp":"0.02788100",
      "PctNonHisp":"0.97211900",
      "PctWhite":"0.93891200",
      "PctNonHispWhite":"0.92296100",
      "PctBlack":"0.01142100",
      "PctAmInd":"0.00239300",
      "PctAsian":"0.02157800",
      "PctNatHawOth":"0.00029200",
      "PctTwoOrMore":"0.01624200",
      "PctOther":"0.00916200",
      "USATDiversityIndex":"0.15015900",
      "PopSqMi":"147.00000000",
      "LandSqMi":"8952.70000000",
      "WaterSqMi":"396.50000000",
      "TotSqMi":"9349.20000000",
      "Lat":"43.6708595000",
      "Long":"-71.5811278000",
      "HousingUnits":"614754",
      "PctVacant":"0.15580400"
    },
    {
      "Placename":"New Jersey",
      "PlacenameFull":"New Jersey",
      "FIPS":"34",
      "GNIS":"1779795",
      "StateAP":"N.J.",
      "StatePostal":"NJ",
      "PctChange":"0.0448691",
      "Pop":"8791894",
      "PctHisp":"0.17688400",
      "PctNonHisp":"0.82311600",
      "PctWhite":"0.68577400",
      "PctNonHispWhite":"0.59314600",
      "PctBlack":"0.13703800",
      "PctAmInd":"0.00330100",
      "PctAsian":"0.08254500",
      "PctNatHawOth":"0.00034600",
      "PctTwoOrMore":"0.02733200",
      "PctOther":"0.06366300",
      "USATDiversityIndex":"0.59908800",
      "PopSqMi":"1195.50000000",
      "LandSqMi":"7354.20000000",
      "WaterSqMi":"1368.40000000",
      "TotSqMi":"8722.60000000",
      "Lat":"40.1072744000",
      "Long":"-74.6652012000",
      "HousingUnits":"3553562",
      "PctVacant":"0.09545400"
    },
    {
      "Placename":"New Mexico",
      "PlacenameFull":"New Mexico",
      "FIPS":"35",
      "GNIS":"897535",
      "StateAP":"N.M.",
      "StatePostal":"NM",
      "PctChange":"0.13201",
      "Pop":"2059179",
      "PctHisp":"0.46300200",
      "PctNonHisp":"0.53699800",
      "PctWhite":"0.68370700",
      "PctNonHispWhite":"0.40492400",
      "PctBlack":"0.02066400",
      "PctAmInd":"0.09383400",
      "PctAsian":"0.01369900",
      "PctNatHawOth":"0.00087900",
      "PctTwoOrMore":"0.03739800",
      "PctOther":"0.14981800",
      "USATDiversityIndex":"0.66831700",
      "PopSqMi":"17.00000000",
      "LandSqMi":"121298.10000000",
      "WaterSqMi":"292.10000000",
      "TotSqMi":"121590.30000000",
      "Lat":"34.4391265000",
      "Long":"-106.1261511000",
      "HousingUnits":"901388",
      "PctVacant":"0.12202600"
    },
    {
      "Placename":"New York",
      "PlacenameFull":"New York",
      "FIPS":"36",
      "GNIS":"1779796",
      "StateAP":"N.Y.",
      "StatePostal":"NY",
      "PctChange":"0.0211654",
      "Pop":"19378102",
      "PctHisp":"0.17632900",
      "PctNonHisp":"0.82367100",
      "PctWhite":"0.65749300",
      "PctNonHispWhite":"0.58335200",
      "PctBlack":"0.15862200",
      "PctAmInd":"0.00551700",
      "PctAsian":"0.07329100",
      "PctNatHawOth":"0.00045200",
      "PctTwoOrMore":"0.03023300",
      "PctOther":"0.07439100",
      "USATDiversityIndex":"0.61667800",
      "PopSqMi":"411.20000000",
      "LandSqMi":"47126.40000000",
      "WaterSqMi":"7428.60000000",
      "TotSqMi":"54555.00000000",
      "Lat":"42.9133974000",
      "Long":"-75.5962723000",
      "HousingUnits":"8108103",
      "PctVacant":"0.09747600"
    },
    {
      "Placename":"North Carolina",
      "PlacenameFull":"North Carolina",
      "FIPS":"37",
      "GNIS":"1027616",
      "StateAP":"N.C.",
      "StatePostal":"NC",
      "PctChange":"0.184633",
      "Pop":"9535483",
      "PctHisp":"0.08391000",
      "PctNonHisp":"0.91609000",
      "PctWhite":"0.68470100",
      "PctNonHispWhite":"0.65271900",
      "PctBlack":"0.21484300",
      "PctAmInd":"0.01280600",
      "PctAsian":"0.02191400",
      "PctNatHawOth":"0.00069300",
      "PctTwoOrMore":"0.02162400",
      "PctOther":"0.04342000",
      "USATDiversityIndex":"0.52314200",
      "PopSqMi":"196.10000000",
      "LandSqMi":"48617.90000000",
      "WaterSqMi":"5201.30000000",
      "TotSqMi":"53819.20000000",
      "Lat":"35.5397100000",
      "Long":"-79.1308636000",
      "HousingUnits":"4327528",
      "PctVacant":"0.13457400"
    },
    {
      "Placename":"North Dakota",
      "PlacenameFull":"North Dakota",
      "FIPS":"38",
      "GNIS":"1779797",
      "StateAP":"N.D.",
      "StatePostal":"ND",
      "PctChange":"0.0473233",
      "Pop":"672591",
      "PctHisp":"0.02002300",
      "PctNonHisp":"0.97997700",
      "PctWhite":"0.90017400",
      "PctNonHispWhite":"0.88910900",
      "PctBlack":"0.01183500",
      "PctAmInd":"0.05440300",
      "PctAsian":"0.01027200",
      "PctNatHawOth":"0.00047600",
      "PctTwoOrMore":"0.01762300",
      "PctOther":"0.00521700",
      "USATDiversityIndex":"0.21018700",
      "PopSqMi":"9.70000000",
      "LandSqMi":"69000.80000000",
      "WaterSqMi":"1697.50000000",
      "TotSqMi":"70698.30000000",
      "Lat":"47.4569538000",
      "Long":"-100.4619304000",
      "HousingUnits":"317498",
      "PctVacant":"0.11435000"
    },
    {
      "Placename":"Ohio",
      "PlacenameFull":"Ohio",
      "FIPS":"39",
      "GNIS":"1085497",
      "StateAP":"Ohio",
      "StatePostal":"OH",
      "PctChange":"0.016151",
      "Pop":"11536504",
      "PctHisp":"0.03074400",
      "PctNonHisp":"0.96925600",
      "PctWhite":"0.82689100",
      "PctNonHispWhite":"0.81127400",
      "PctBlack":"0.12202000",
      "PctAmInd":"0.00219200",
      "PctAsian":"0.01666300",
      "PctNatHawOth":"0.00035200",
      "PctTwoOrMore":"0.02061000",
      "PctOther":"0.01127100",
      "USATDiversityIndex":"0.32766200",
      "PopSqMi":"282.30000000",
      "LandSqMi":"40860.70000000",
      "WaterSqMi":"3964.90000000",
      "TotSqMi":"44825.60000000",
      "Lat":"40.4149297000",
      "Long":"-82.7119975000",
      "HousingUnits":"5127508",
      "PctVacant":"0.10220800"
    },
    {
      "Placename":"Oklahoma",
      "PlacenameFull":"Oklahoma",
      "FIPS":"40",
      "GNIS":"1102857",
      "StateAP":"Okla.",
      "StatePostal":"OK",
      "PctChange":"0.087142",
      "Pop":"3751351",
      "PctHisp":"0.08850300",
      "PctNonHisp":"0.91149700",
      "PctWhite":"0.72156500",
      "PctNonHispWhite":"0.68652100",
      "PctBlack":"0.07401200",
      "PctAmInd":"0.08575200",
      "PctAsian":"0.01734700",
      "PctNatHawOth":"0.00116500",
      "PctTwoOrMore":"0.05899800",
      "PctOther":"0.04116100",
      "USATDiversityIndex":"0.51307200",
      "PopSqMi":"54.70000000",
      "LandSqMi":"68594.90000000",
      "WaterSqMi":"1303.90000000",
      "TotSqMi":"69898.90000000",
      "Lat":"35.5894185000",
      "Long":"-97.4868683000",
      "HousingUnits":"1664378",
      "PctVacant":"0.12252500"
    },
    {
      "Placename":"Oregon",
      "PlacenameFull":"Oregon",
      "FIPS":"41",
      "GNIS":"1155107",
      "StateAP":"Ore.",
      "StatePostal":"OR",
      "PctChange":"0.119739",
      "Pop":"3831074",
      "PctHisp":"0.11747700",
      "PctNonHisp":"0.88252300",
      "PctWhite":"0.83647900",
      "PctNonHispWhite":"0.78459700",
      "PctBlack":"0.01806400",
      "PctAmInd":"0.01388700",
      "PctAsian":"0.03687300",
      "PctNatHawOth":"0.00349900",
      "PctTwoOrMore":"0.03778500",
      "PctOther":"0.05341200",
      "USATDiversityIndex":"0.37935800",
      "PopSqMi":"39.90000000",
      "LandSqMi":"95988.00000000",
      "WaterSqMi":"2390.50000000",
      "TotSqMi":"98378.50000000",
      "Lat":"43.9715225000",
      "Long":"-120.6226269000",
      "HousingUnits":"1675562",
      "PctVacant":"0.09347600"
    },
    {
      "Placename":"Pennsylvania",
      "PlacenameFull":"Pennsylvania",
      "FIPS":"42",
      "GNIS":"1779798",
      "StateAP":"Pa.",
      "StatePostal":"PA",
      "PctChange":"0.0343069",
      "Pop":"12702379",
      "PctHisp":"0.05665600",
      "PctNonHisp":"0.94334400",
      "PctWhite":"0.81923900",
      "PctNonHispWhite":"0.79470600",
      "PctBlack":"0.10845900",
      "PctAmInd":"0.00211300",
      "PctAsian":"0.02748200",
      "PctNatHawOth":"0.00028800",
      "PctTwoOrMore":"0.01872400",
      "PctOther":"0.02369500",
      "USATDiversityIndex":"0.35940500",
      "PopSqMi":"283.90000000",
      "LandSqMi":"44742.70000000",
      "WaterSqMi":"1311.60000000",
      "TotSqMi":"46054.30000000",
      "Lat":"40.9042486000",
      "Long":"-77.8280624000",
      "HousingUnits":"5567315",
      "PctVacant":"0.09850500"
    },
    {
      "Placename":"Rhode Island",
      "PlacenameFull":"Rhode Island",
      "FIPS":"44",
      "GNIS":"1219835",
      "StateAP":"R.I.",
      "StatePostal":"RI",
      "PctChange":"0.0040522",
      "Pop":"1052567",
      "PctHisp":"0.12413000",
      "PctNonHisp":"0.87587000",
      "PctWhite":"0.81407500",
      "PctNonHispWhite":"0.76354800",
      "PctBlack":"0.05718300",
      "PctAmInd":"0.00575500",
      "PctAsian":"0.02893600",
      "PctNatHawOth":"0.00052600",
      "PctTwoOrMore":"0.03305000",
      "PctOther":"0.06047400",
      "USATDiversityIndex":"0.40880200",
      "PopSqMi":"1018.10000000",
      "LandSqMi":"1033.80000000",
      "WaterSqMi":"511.10000000",
      "TotSqMi":"1544.90000000",
      "Lat":"41.5978358000",
      "Long":"-71.5252895000",
      "HousingUnits":"463388",
      "PctVacant":"0.10744300"
    },
    {
      "Placename":"South Carolina",
      "PlacenameFull":"South Carolina",
      "FIPS":"45",
      "GNIS":"1779799",
      "StateAP":"S.C.",
      "StatePostal":"SC",
      "PctChange":"0.152879",
      "Pop":"4625364",
      "PctHisp":"0.05095400",
      "PctNonHisp":"0.94904600",
      "PctWhite":"0.66157000",
      "PctNonHispWhite":"0.64054200",
      "PctBlack":"0.27904500",
      "PctAmInd":"0.00422100",
      "PctAsian":"0.01276700",
      "PctNatHawOth":"0.00058500",
      "PctTwoOrMore":"0.01728200",
      "PctOther":"0.02453100",
      "USATDiversityIndex":"0.51043300",
      "PopSqMi":"153.90000000",
      "LandSqMi":"30060.70000000",
      "WaterSqMi":"1959.80000000",
      "TotSqMi":"32020.50000000",
      "Lat":"33.8741769000",
      "Long":"-80.8542699000",
      "HousingUnits":"2137683",
      "PctVacant":"0.15741400"
    },
    {
      "Placename":"South Dakota",
      "PlacenameFull":"South Dakota",
      "FIPS":"46",
      "GNIS":"1785534",
      "StateAP":"S.D.",
      "StatePostal":"SD",
      "PctChange":"0.078607",
      "Pop":"814180",
      "PctHisp":"0.02716700",
      "PctNonHisp":"0.97283300",
      "PctWhite":"0.85901400",
      "PctNonHispWhite":"0.84686700",
      "PctBlack":"0.01253700",
      "PctAmInd":"0.08820800",
      "PctAsian":"0.00934700",
      "PctNatHawOth":"0.00048400",
      "PctTwoOrMore":"0.02122700",
      "PctOther":"0.00918300",
      "USATDiversityIndex":"0.28034100",
      "PopSqMi":"10.70000000",
      "LandSqMi":"75811.00000000",
      "WaterSqMi":"1304.70000000",
      "TotSqMi":"77115.70000000",
      "Lat":"44.4467957000",
      "Long":"-100.2381762000",
      "HousingUnits":"363438",
      "PctVacant":"0.11324100"
    },
    {
      "Placename":"Tennessee",
      "PlacenameFull":"Tennessee",
      "FIPS":"47",
      "GNIS":"1325873",
      "StateAP":"Tenn.",
      "StatePostal":"TN",
      "PctChange":"0.115449",
      "Pop":"6346105",
      "PctHisp":"0.04570700",
      "PctNonHisp":"0.95429300",
      "PctWhite":"0.77558600",
      "PctNonHispWhite":"0.75649300",
      "PctBlack":"0.16660800",
      "PctAmInd":"0.00315100",
      "PctAsian":"0.01437800",
      "PctNatHawOth":"0.00057400",
      "PctTwoOrMore":"0.01733500",
      "PctOther":"0.02236900",
      "USATDiversityIndex":"0.39881200",
      "PopSqMi":"153.90000000",
      "LandSqMi":"41234.90000000",
      "WaterSqMi":"909.40000000",
      "TotSqMi":"42144.30000000",
      "Lat":"35.8585639000",
      "Long":"-86.3493573000",
      "HousingUnits":"2812133",
      "PctVacant":"0.11328800"
    },
    {
      "Placename":"Texas",
      "PlacenameFull":"Texas",
      "FIPS":"48",
      "GNIS":"1779801",
      "StateAP":"Texas",
      "StatePostal":"TX",
      "PctChange":"0.205917",
      "Pop":"25145561",
      "PctHisp":"0.37624600",
      "PctNonHisp":"0.62375400",
      "PctWhite":"0.70396300",
      "PctNonHispWhite":"0.45325500",
      "PctBlack":"0.11849400",
      "PctAmInd":"0.00679900",
      "PctAsian":"0.03836000",
      "PctNatHawOth":"0.00086100",
      "PctTwoOrMore":"0.02700300",
      "PctOther":"0.10451900",
      "USATDiversityIndex":"0.66177600",
      "PopSqMi":"96.30000000",
      "LandSqMi":"261231.70000000",
      "WaterSqMi":"7364.80000000",
      "TotSqMi":"268596.50000000",
      "Lat":"31.4347032000",
      "Long":"-99.2818238000",
      "HousingUnits":"9977436",
      "PctVacant":"0.10568900"
    },
    {
      "Placename":"Utah",
      "PlacenameFull":"Utah",
      "FIPS":"49",
      "GNIS":"1455989",
      "StateAP":"Utah",
      "StatePostal":"UT",
      "PctChange":"0.237652",
      "Pop":"2763885",
      "PctHisp":"0.12965100",
      "PctNonHisp":"0.87034900",
      "PctWhite":"0.86094800",
      "PctNonHispWhite":"0.80383900",
      "PctBlack":"0.01059600",
      "PctAmInd":"0.01191300",
      "PctAsian":"0.02000300",
      "PctNatHawOth":"0.00888400",
      "PctTwoOrMore":"0.02732300",
      "PctOther":"0.06033300",
      "USATDiversityIndex":"0.34934000",
      "PopSqMi":"33.60000000",
      "LandSqMi":"82169.60000000",
      "WaterSqMi":"2727.30000000",
      "TotSqMi":"84896.90000000",
      "Lat":"39.3349735000",
      "Long":"-111.6563633000",
      "HousingUnits":"979709",
      "PctVacant":"0.10413000"
    },
    {
      "Placename":"Vermont",
      "PlacenameFull":"Vermont",
      "FIPS":"50",
      "GNIS":"1779802",
      "StateAP":"Vt.",
      "StatePostal":"VT",
      "PctChange":"0.0277813",
      "Pop":"625741",
      "PctHisp":"0.01471500",
      "PctNonHisp":"0.98528500",
      "PctWhite":"0.95293700",
      "PctNonHispWhite":"0.94323800",
      "PctBlack":"0.01003100",
      "PctAmInd":"0.00352700",
      "PctAsian":"0.01270000",
      "PctNatHawOth":"0.00025600",
      "PctTwoOrMore":"0.01718400",
      "PctOther":"0.00336400",
      "USATDiversityIndex":"0.11201200",
      "PopSqMi":"67.90000000",
      "LandSqMi":"9216.70000000",
      "WaterSqMi":"399.70000000",
      "TotSqMi":"9616.40000000",
      "Lat":"44.0605475000",
      "Long":"-72.6733540000",
      "HousingUnits":"322539",
      "PctVacant":"0.20492700"
    },
    {
      "Placename":"Virginia",
      "PlacenameFull":"Virginia",
      "FIPS":"51",
      "GNIS":"1779803",
      "StateAP":"Va.",
      "StatePostal":"VA",
      "PctChange":"0.130325",
      "Pop":"8001024",
      "PctHisp":"0.07896800",
      "PctNonHisp":"0.92103200",
      "PctWhite":"0.68576900",
      "PctNonHispWhite":"0.64822300",
      "PctBlack":"0.19390000",
      "PctAmInd":"0.00365300",
      "PctAsian":"0.05497900",
      "PctNatHawOth":"0.00074700",
      "PctTwoOrMore":"0.02917100",
      "PctOther":"0.03178100",
      "USATDiversityIndex":"0.53427500",
      "PopSqMi":"202.60000000",
      "LandSqMi":"39490.10000000",
      "WaterSqMi":"3284.80000000",
      "TotSqMi":"42774.90000000",
      "Lat":"37.5222512000",
      "Long":"-78.6681938000",
      "HousingUnits":"3364939",
      "PctVacant":"0.09179400"
    },
    {
      "Placename":"Washington",
      "PlacenameFull":"Washington",
      "FIPS":"53",
      "GNIS":"1779804",
      "StateAP":"Wash.",
      "StatePostal":"WA",
      "PctChange":"0.140889",
      "Pop":"6724540",
      "PctHisp":"0.11239300",
      "PctNonHisp":"0.88760700",
      "PctWhite":"0.77274600",
      "PctNonHispWhite":"0.72522500",
      "PctBlack":"0.03569600",
      "PctAmInd":"0.01544600",
      "PctAsian":"0.07153900",
      "PctNatHawOth":"0.00601900",
      "PctTwoOrMore":"0.04653500",
      "PctOther":"0.05201800",
      "USATDiversityIndex":"0.46217000",
      "PopSqMi":"101.20000000",
      "LandSqMi":"66455.50000000",
      "WaterSqMi":"4842.40000000",
      "TotSqMi":"71298.00000000",
      "Lat":"47.4162296000",
      "Long":"-120.5996231000",
      "HousingUnits":"2885677",
      "PctVacant":"0.09204100"
    },
    {
      "Placename":"West Virginia",
      "PlacenameFull":"West Virginia",
      "FIPS":"54",
      "GNIS":"1779805",
      "StateAP":"W.Va.",
      "StatePostal":"WV",
      "PctChange":"0.0246911",
      "Pop":"1852994",
      "PctHisp":"0.01201700",
      "PctNonHisp":"0.98798300",
      "PctWhite":"0.93901400",
      "PctNonHispWhite":"0.93160400",
      "PctBlack":"0.03406600",
      "PctAmInd":"0.00204400",
      "PctAsian":"0.00669500",
      "PctNatHawOth":"0.00023100",
      "PctTwoOrMore":"0.01464800",
      "PctOther":"0.00330200",
      "USATDiversityIndex":"0.13228800",
      "PopSqMi":"77.10000000",
      "LandSqMi":"24038.20000000",
      "WaterSqMi":"191.80000000",
      "TotSqMi":"24230.00000000",
      "Lat":"38.6472854000",
      "Long":"-80.6183274000",
      "HousingUnits":"881917",
      "PctVacant":"0.13389700"
    },
    {
      "Placename":"Wisconsin",
      "PlacenameFull":"Wisconsin",
      "FIPS":"55",
      "GNIS":"1779806",
      "StateAP":"Wis.",
      "StatePostal":"WI",
      "PctChange":"0.0602779",
      "Pop":"5686986",
      "PctHisp":"0.05909200",
      "PctNonHisp":"0.94090800",
      "PctWhite":"0.86198000",
      "PctNonHispWhite":"0.83320300",
      "PctBlack":"0.06315300",
      "PctAmInd":"0.00958800",
      "PctAsian":"0.02272500",
      "PctNatHawOth":"0.00032100",
      "PctTwoOrMore":"0.01834300",
      "PctOther":"0.02389100",
      "USATDiversityIndex":"0.30260400",
      "PopSqMi":"105.00000000",
      "LandSqMi":"54157.80000000",
      "WaterSqMi":"11338.60000000",
      "TotSqMi":"65496.40000000",
      "Lat":"44.6284840000",
      "Long":"-89.7119299000",
      "HousingUnits":"2624358",
      "PctVacant":"0.13130400"
    },
    {
      "Placename":"Wyoming",
      "PlacenameFull":"Wyoming",
      "FIPS":"56",
      "GNIS":"1779807",
      "StateAP":"Wyo.",
      "StatePostal":"WY",
      "PctChange":"0.141447",
      "Pop":"563626",
      "PctHisp":"0.08912100",
      "PctNonHisp":"0.91087900",
      "PctWhite":"0.90712500",
      "PctNonHispWhite":"0.85850200",
      "PctBlack":"0.00842400",
      "PctAmInd":"0.02366100",
      "PctAsian":"0.00785300",
      "PctNatHawOth":"0.00075800",
      "PctTwoOrMore":"0.02193100",
      "PctOther":"0.03024900",
      "USATDiversityIndex":"0.26643700",
      "PopSqMi":"5.80000000",
      "LandSqMi":"97093.10000000",
      "WaterSqMi":"719.90000000",
      "TotSqMi":"97813.00000000",
      "Lat":"42.9918024000",
      "Long":"-107.5419255000",
      "HousingUnits":"261868",
      "PctVacant":"0.13361300"
    }
  ]
}