{"processing-time-total":341,"clusters":[{"id":0,"size":46,"clusters":[{"id":1,"size":11,"phrases":["Ice Cream Company"],"score":1.0,"documents":["1","4","8","25","35","45","48","67","71","95","101"],"attributes":{"score":1.0,"label-scores":[0.9859270673984007]}},{"id":2,"size":11,"phrases":["Flavor"],"score":0.9489848709619997,"documents":["4","14","33","47","48","67","71","81","90","93","97"],"attributes":{"score":0.9489848709619997,"label-scores":[0.8878985922406601]}},{"id":3,"size":8,"phrases":["Vermont"],"score":0.9461472903644106,"documents":["32","57","59","62","63","70","83","91"],"attributes":{"score":0.9461472903644106,"label-scores":[0.9831627049608981]}},{"id":4,"size":3,"phrases":["Colbert"],"score":0.7931709091221426,"documents":["47","67","90"],"attributes":{"score":0.7931709091221426,"label-scores":[0.9885141987458685]}},{"id":5,"size":2,"phrases":["Cookie Dough"],"score":0.7403991918785777,"documents":["78","96"],"attributes":{"score":0.7403991918785777,"label-scores":[1.0]}},{"id":6,"size":2,"phrases":["Jerry Greenfield"],"score":0.7320230080084376,"documents":["35","80"],"attributes":{"score":0.7320230080084376,"label-scores":[0.9775018562770335]}},{"id":7,"size":2,"phrases":["New York"],"score":0.710013110974631,"documents":["58","80"],"attributes":{"score":0.710013110974631,"label-scores":[0.9196040275627662]}},{"id":8,"size":2,"phrases":["Center"],"score":0.7053300475026189,"documents":["66","74"],"attributes":{"score":0.7053300475026189,"label-scores":[0.907513091576681]}},{"id":9,"size":2,"phrases":["Blue Bunny"],"score":0.6924629436460304,"documents":["95","99"],"attributes":{"score":0.6924629436460304,"label-scores":[0.8747041822912721]}},{"id":10,"size":2,"phrases":["Chunkmail Newsletter"],"score":0.6924629436460304,"documents":["49","59"],"attributes":{"score":0.6924629436460304,"label-scores":[0.8747041822912721]}},{"id":11,"size":2,"phrases":["Greek Frozen Yogurt"],"score":0.6924629436460304,"documents":["1","15"],"attributes":{"score":0.6924629436460304,"label-scores":[0.8747041822912721]}},{"id":12,"size":11,"phrases":["Other Topics"],"score":0.0,"documents":["0","2","6","13","17","38","51","52","76","84","98"],"attributes":{"other-topics":true,"score":0.0,"label-scores":[-1.0]}}],"phrases":["Ice Cream"],"score":1.0,"documents":[],"attributes":{"score":1.0,"label-scores":[0.9770757367573579]}},{"id":13,"size":7,"phrases":["Ben Cohen"],"score":0.7621671887058885,"documents":["25","30","35","39","60","65","80"],"attributes":{"score":0.7621671887058885,"label-scores":[1.0]}},{"id":14,"size":7,"phrases":["Scoop Shop"],"score":0.7577790362590473,"documents":["9","10","13","40","44","71","83"],"attributes":{"score":0.7577790362590473,"label-scores":[0.9885182144017726]}},{"id":15,"size":6,"phrases":["LinkedIn"],"score":0.7169886250278311,"documents":["11","12","16","21","23","36"],"attributes":{"score":0.7169886250278311,"label-scores":[0.9350864565644672]}},{"id":16,"size":4,"phrases":["Contact"],"score":0.6430483512993279,"documents":["9","10","43","69"],"attributes":{"score":0.6430483512993279,"label-scores":[0.8729341847935049]}},{"id":17,"size":4,"phrases":["News"],"score":0.623172784350571,"documents":["20","26","54","58"],"attributes":{"score":0.623172784350571,"label-scores":[0.8198062019318969]}},{"id":18,"size":4,"phrases":["Euphoria"],"score":0.6208991546269866,"documents":["7","10","22","28"],"attributes":{"score":0.6208991546269866,"label-scores":[0.8138350313852274]}},{"id":19,"size":3,"phrases":["Ben Jerry's Instagram"],"score":0.6174497586359257,"documents":["41","50","89"],"attributes":{"score":0.6174497586359257,"label-scores":[0.8959896113285211]}},{"id":20,"size":3,"phrases":["Main Content"],"score":0.6091147281252501,"documents":["3","18","71"],"attributes":{"score":0.6091147281252501,"label-scores":[0.8719627354993815]}},{"id":21,"size":3,"phrases":["Guys"],"score":0.5995182765924258,"documents":["26","83","86"],"attributes":{"score":0.5995182765924258,"label-scores":[0.8447040538498508]}},{"id":22,"size":2,"phrases":["Jerry Seinfeld"],"score":0.58450205948385,"documents":["87","88"],"attributes":{"score":0.58450205948385,"label-scores":[0.932160264242387]}},{"id":23,"size":2,"phrases":["Ben Jerry's Captureeuphoria"],"score":0.5759253646616495,"documents":["7","89"],"attributes":{"score":0.5759253646616495,"label-scores":[0.9050048497805597]}},{"id":24,"size":2,"phrases":["Values-led Company"],"score":0.5717516467303704,"documents":["37","56"],"attributes":{"score":0.5717516467303704,"label-scores":[0.8919352805874583]}},{"id":25,"size":2,"phrases":["Ben E. King"],"score":0.5693105269097728,"documents":["72","100"],"attributes":{"score":0.5693105269097728,"label-scores":[0.8843352226988188]}},{"id":26,"size":2,"phrases":["Robert"],"score":0.5623818841736119,"documents":["55","85"],"attributes":{"score":0.5623818841736119,"label-scores":[0.86294107122043]}},{"id":27,"size":2,"phrases":["John"],"score":0.5611663575448093,"documents":["75","76"],"attributes":{"score":0.5611663575448093,"label-scores":[0.8592147979903931]}},{"id":28,"size":2,"phrases":["Flavor Graveyard"],"score":0.5560559207034808,"documents":["5","14"],"attributes":{"score":0.5560559207034808,"label-scores":[0.84363663988752]}},{"id":29,"size":2,"phrases":["Häagen-Dazs"],"score":0.5496421197106987,"documents":["53","95"],"attributes":{"score":0.5496421197106987,"label-scores":[0.8242871056744333]}},{"id":30,"size":2,"phrases":["Impact"],"score":0.5472953975275026,"documents":["24","90"],"attributes":{"score":0.5472953975275026,"label-scores":[0.8172634685828961]}},{"id":31,"size":2,"phrases":["Eis"],"score":0.5345794164022786,"documents":["46","92"],"attributes":{"score":0.5345794164022786,"label-scores":[0.7797276942252162]}},{"id":32,"size":2,"phrases":["Television"],"score":0.5334239817516735,"documents":["82","87"],"attributes":{"score":0.5334239817516735,"label-scores":[0.7763607453910384]}},{"id":33,"size":2,"phrases":["Tourist"],"score":0.5334239817516735,"documents":["70","102"],"attributes":{"score":0.5334239817516735,"label-scores":[0.7763607453910384]}},{"id":34,"size":13,"phrases":["Other Topics"],"score":0.0,"documents":["19","27","29","31","34","42","61","64","68","73","77","79","94"],"attributes":{"other-topics":true,"score":0.0,"label-scores":[-1.0]}}],"results":"400","SearchEngineBase.compressed":true,"results-total":103,"processing-time-algorithm":70,"query":"ben and jerry","processing-time-source":271,"SearchEngineStats.pageRequests":0,"SearchEngineStats.queries":0}