<?xml version="1.0" encoding="UTF-8"?><searchresult>
   <query>ben and jerry</query>
   <document id="0" language="en">
      <sources class="java.util.ArrayList">
         <source>Bing</source>
         <source>Blekko</source>
         <source>Google</source>
         <source>Yahoo</source>
      </sources>
      <title>Ben &amp; Jerry's - Official Site</title>
      <snippet>Official site for Ben &amp; Jerry's super premium ice cream, greek frozen yogurt, frozen yogurt, and sorbet. Peace, Love, &amp; Ice Cream.‎Flavors - ‎Scoop Shop Locator - ‎SNL Batches - ‎Jobs …</snippet>
      <url>http://www.benjerry.com/</url>
   </document>
   <document id="1" language="en">
      <sources class="java.util.ArrayList">
         <source>Bing</source>
         <source>Faroo</source>
         <source>Yahoo</source>
      </sources>
      <title>Ben &amp; Jerry's - Wikipedia, the free encyclopedia</title>
      <snippet>Ben &amp; Jerry's is an American ice cream company, a division of the Anglo-Dutch Unilever conglomerate, that manufactures ice cream, frozen yogurt, sorbet, and ice cream …</snippet>
      <url>http://en.wikipedia.org/wiki/Ben_%26_Jerry%27s</url>
   </document>
   <document id="2" language="en">
      <sources class="java.util.ArrayList">
         <source>Bing</source>
         <source>Blekko</source>
         <source>Yahoo</source>
      </sources>
      <title>Ben and Jerry's UK</title>
      <snippet>Official site for Ben &amp; Jerry's super premium ice cream, greek frozen yogurt, frozen yogurt, and sorbet. Peace, Love, &amp; Ice Cream.</snippet>
      <url>http://www.benjerry.co.uk/</url>
   </document>
   <document id="3" language="en">
      <sources class="java.util.ArrayList">
         <source>Google</source>
         <source>Yahoo</source>
      </sources>
      <title>Start | Ben &amp; Jerry’s</title>
      <snippet>Offizielle Webseite für Super-Premium-Eiscreme von Ben &amp; Jerry's. Peace, Love, &amp; Ice Cream.‎Sorten - ‎Wie wir Eis machen - ‎Friedhof der Eissorten - ‎Das ist unsere Arbeit …</snippet>
      <url>http://www.benjerry.ch/</url>
   </document>
   <document id="4" language="en">
      <sources class="java.util.ArrayList">
         <source>Blekko</source>
         <source>Google</source>
      </sources>
      <title>Ben &amp; Jerry's - Wikipedia, the free encyclopedia</title>
      <snippet>Ben &amp; Jerry's is an American ice cream company, a division of the Anglo-Dutch Unilever conglomerate, that manufactures ice cream, frozen yogurt, sorbet, and …‎Ben Cohen - ‎Jerry Greenfield - ‎Anosmia - ‎List of Ben &amp; Jerry's ice creams …</snippet>
      <url>http://en.wikipedia.org/wiki/Ben_%26_Jerry's</url>
   </document>
   <document id="5" language="en">
      <sources class="java.util.ArrayList">
         <source>Google</source>
         <source>Yahoo</source>
      </sources>
      <title>Ben &amp; Jerry's | Facebook</title>
      <snippet>Ben &amp; Jerry's. 7,864,463 likes · 53,661 talking about this · 222,187 were here. Ben &amp; Jerry’s believes business has a responsibility to give back to the…</snippet>
      <url>https://www.facebook.com/benandjerrys</url>
   </document>
   <document id="6" language="en">
      <sources class="java.util.ArrayList">
         <source>Blekko</source>
         <source>Google</source>
      </sources>
      <title>Ben &amp; Jerry's (@benandjerrys) | Twitter</title>
      <snippet>The latest Tweets from Ben &amp; Jerry's (@benandjerrys). Peace, Love, &amp; Ice Cream. Burlington, Vermont.</snippet>
      <url>https://twitter.com/benandjerrys</url>
   </document>
   <document id="7" language="en">
      <sources class="java.util.ArrayList">
         <source>Google</source>
         <source>Yahoo</source>
      </sources>
      <title>Ben &amp; Jerry's - YouTube</title>
      <snippet>Ben &amp; Jerry's believes business has a responsibility to give back to the community. We make the best possible ice cream in the nicest way possible.</snippet>
      <url>http://www.youtube.com/user/BenandJerrysHomemade</url>
   </document>
   <document id="8" language="en">
      <sources class="java.util.ArrayList">
         <source>ExactSeek</source>
      </sources>
      <title>Passport to Love | The Dating Divas</title>
      <snippet>Give your spouse a note- "Jamaican me crazy- yah mon!" (Oooh- isn't there a Jamaican me crazy Ben &amp; Jerry's ice cream??). - Cook some Jamaican food- jerk chicken or boiled banana anyone?. - Turn into a Jamaican online radio stat …</snippet>
      <url>http://www.thedatingdivas.com/romantic-rendezvous/passport-to-love/</url>
   </document>
   <document id="9" language="en">
      <sources class="java.util.ArrayList">
         <source>ExactSeek</source>
      </sources>
      <title>Speakers Bureau: Book Top Business, Keynote, Celebrity Speakers</title>
      <snippet>Jerry Rice for Uncle Ben's. *Jon Gruden for Capgemini. *Bob Harper for Roache Diagnostics …</snippet>
      <url>http://www.allamericanspeakers.com</url>
   </document>
   <document id="10" language="en">
      <sources class="java.util.ArrayList">
         <source>Blekko</source>
      </sources>
      <title>Home - Ben &amp; Jerry's</title>
      <snippet>People's Climate March. Everyone has the right to know what's in their food. Locator service is unavailable. No scoop shops found nearby. Did you mean.</snippet>
      <url>http://www.benandjerrys.com/</url>
   </document>
   <document id="11" language="en">
      <sources class="java.util.ArrayList">
         <source>Faroo</source>
      </sources>
      <title>Ben &amp; Jerry's (@benandjerrys) on Twitter</title>
      <snippet>Sign in Sign up To bring you Twitter, we and our partners use cookies on our and other websites. Cookies help personalize Twitter content, tailor …</snippet>
      <url>https://twitter.com/benandjerrys?p=i</url>
   </document>
   <document id="12" language="en">
      <sources class="java.util.ArrayList">
         <source>Bing</source>
      </sources>
      <title>Flavors | Ben &amp; Jerry’s</title>
      <snippet>Discover your personal euphoria with Ben &amp; Jerry's line-up of ice cream and sorbet flavors. Enjoy!</snippet>
      <url>http://www.benjerry.com/flavors/</url>
   </document>
   <document id="13" language="en">
      <sources class="java.util.ArrayList">
         <source>ExactSeek</source>
      </sources>
      <title>Officials Suspend Game Over Open Carry - GunNews.com -News By The Barrel</title>
      <snippet>Still not convinced? Ben and Jerry's is notoriously anti-gun. Walk in to one of their stores and let the manager know you are packing heat. When your immediate exit is demanded, cite your 2nd Amendment rights. On second thought, …</snippet>
      <url>http://www.gunnews.com/officials-suspend-game-open-carry/</url>
   </document>
   <document id="14" language="en">
      <sources class="java.util.ArrayList">
         <source>Faroo</source>
      </sources>
      <title>All sizes - Ben &amp; Jerrys Half Baked Frozen Yogurt - Flickr - Photo Sharing!</title>
      <snippet>Flickr is almost certainly the best online photo management and sharing application in the world. Show off your favorite photos and videos to …</snippet>
      <url>http://www.flickr.com/photos/mr_t_in_dc/3828902452/sizes/l/in/photostream/</url>
   </document>
   <document id="15" language="en">
      <sources class="java.util.ArrayList">
         <source>Yahoo</source>
      </sources>
      <title>Error 404 | Ben &amp; Jerry’s</title>
      <snippet>Über Ben &amp; Jerry’s. Die Geschichte der zwei Typen, die in einer umgebauten Tankstelle in Burlington, Vermont, begannen, Glace zu verkaufen, das es heute auch in …</snippet>
      <url>http://www.benjerry.ch/de/home?l1=&amp;l2=</url>
   </document>
   <document id="16" language="en">
      <sources class="java.util.ArrayList">
         <source>Bing</source>
      </sources>
      <title>Home | Ben &amp; Jerry’s</title>
      <snippet>Official site for Ben &amp; Jerry's super premium ice cream, greek frozen yogurt, frozen yogurt, and sorbet. Peace, Love, &amp; Ice Cream.</snippet>
      <url>http://www.benjerry.com.sg/</url>
   </document>
   <document id="17" language="en">
      <sources class="java.util.ArrayList">
         <source>ExactSeek</source>
      </sources>
      <title>Thought Leadership Series | Marketing Knowledge Center | ANA</title>
      <snippet>Learn how Allstate, Clear Channel, and Ben &amp; Jerry's evolved while staying true to the brand. …</snippet>
      <url>http://www.ana.net/miccategory/index/id/thought-leadership-series</url>
   </document>
   <document id="18" language="en">
      <sources class="java.util.ArrayList">
         <source>Faroo</source>
      </sources>
      <title>Will you boycott Ben &amp; Jerry's Ice Cream?</title>
      <snippet>The Queensland government has called on consumers to boycott Ben &amp; Jerry's Ice Cream over their save the reef campaign. Will you be boycotting …</snippet>
      <url>http://www.brisbanetimes.com.au/polls/will-you-boycott-ben--jerrys-ice-cream-20140429-37exj.html</url>
   </document>
   <document id="19" language="en">
      <sources class="java.util.ArrayList">
         <source>Yahoo</source>
      </sources>
      <title>Ben &amp; Jerry’s – Wikipedia</title>
      <snippet>Ben &amp; Jerry’s ist ein US-amerikanischer Speiseeishersteller, dessen Produkte seit 2002 auch in Deutschland erhältlich sind. Ben &amp; Jerry’s ist ein Unternehmen des …</snippet>
      <url>http://de.wikipedia.org/wiki/Ben_%26_Jerry%E2%80%99s</url>
   </document>
   <document id="20" language="en">
      <sources class="java.util.ArrayList">
         <source>ExactSeek</source>
      </sources>
      <title>Download recipe-robot.com free - Recipe Robot pdf</title>
      <snippet>Ben &amp; Jerry's *Benihana *Cheesecake Factory *Chili's *Cracker Barrel *El Torito *Houston's. *Jack-In-The-Box …</snippet>
      <url>http://www.downloadpdfdot.com/download-recipe-robotcom-free-recipe-robot-pdf/</url>
   </document>
   <document id="21" language="en">
      <sources class="java.util.ArrayList">
         <source>Blekko</source>
      </sources>
      <title>Ben &amp; Jerry's</title>
      <snippet>Freeport 6 Nathan Nye St. South Portland 612 Maine Mall.</snippet>
      <url>http://www.urbanspoon.com/ch/259/198/portland/ben-jerry-s</url>
   </document>
   <document id="22" language="en">
      <sources class="java.util.ArrayList">
         <source>Faroo</source>
      </sources>
      <title>Ben and Jerry's ice cream hurting reef: Qld govt</title>
      <snippet>Ben and Jerry’s ice cream supporting WWF’s ‘‘propaganda’’ save the reef campaign.</snippet>
      <url>http://www.canberratimes.com.au/queensland/ben-and-jerrys-ice-cream-hurting-reef-qld-govt-20140429-37eg7.html</url>
   </document>
   <document id="23" language="en">
      <sources class="java.util.ArrayList">
         <source>Google</source>
      </sources>
      <title>Ben &amp; Jerry's: Home</title>
      <snippet>Site oficial para o sorvete super premium, iogurte congelado grego, iogurte congelado e sorbet da Ben &amp; Jerry's. Paz, amor e sorvete.</snippet>
      <url>http://www.benandjerry.com.br/</url>
   </document>
   <document id="24" language="en">
      <sources class="java.util.ArrayList">
         <source>Bing</source>
      </sources>
      <title>Contact Us | Ben &amp; Jerry’s</title>
      <snippet>Have a question about our ice cream, or just something you want us to know? Contact Ben &amp; Jerry's customer service here (CRM).</snippet>
      <url>https://secure.benjerry.com/about-us/contact-us?selectedForm=newsletter</url>
   </document>
   <document id="25" language="en">
      <sources class="java.util.ArrayList">
         <source>ExactSeek</source>
      </sources>
      <title>GALLERY | The Belfast Empire Music Hall</title>
      <snippet>BEN OTTEWELL. 28.02.11. * JERRY FISH. 26.02.11. * ASLAN. 25.02.11. * FOY VANCE. 24.02.11 …</snippet>
      <url>http://www.thebelfastempire.com/gallery/</url>
   </document>
   <document id="26" language="en">
      <sources class="java.util.ArrayList">
         <source>Blekko</source>
      </sources>
      <title>Ben Jerry</title>
      <snippet>More in Politics. You might also like. More in Business. More in Entertainment. More in Media.</snippet>
      <url>http://www.huffingtonpost.com/tag/ben--jerry</url>
   </document>
   <document id="27" language="en">
      <sources class="java.util.ArrayList">
         <source>Faroo</source>
      </sources>
      <title>Queensland Government urges boycott of Ben &amp; Jerry’s ice cream over WWF ‘propaganda’ on Great Barrier …</title>
      <snippet>BEN and Jerry's ice cream has been hauled over the coals by the Queensland Government for supporting WWF's “propaganda” save the Reef campaign. …</snippet>
      <url>http://www.couriermail.com.au/travel/australia/queensland-government-urges-boycott-of-ben-jerrys-ice-cream-over-wwf-propaganda-on-great-barrier-reef/story-fnjjv0r9-1226898567920</url>
   </document>
   <document id="28" language="en">
      <sources class="java.util.ArrayList">
         <source>Yahoo</source>
      </sources>
      <title>Ben &amp; Jerry's | Facebook</title>
      <snippet>Ben &amp; Jerry's. 7,835,475 likes · 53,883 talking about this · 220,422 were here. since 1978:Peace, Love &amp; Ice Cream!http://www.benjerry.ch …</snippet>
      <url>http://www.facebook.com/benjerry.ch</url>
   </document>
   <document id="29" language="en">
      <sources class="java.util.ArrayList">
         <source>Google</source>
      </sources>
      <title>Ben &amp; Jerry's on Pinterest</title>
      <snippet>Ben &amp; Jerry's | We make the best possible ice cream in the nicest way possible.</snippet>
      <url>http://www.pinterest.com/benjerry/</url>
   </document>
   <document id="30" language="en">
      <sources class="java.util.ArrayList">
         <source>Bing</source>
      </sources>
      <title>Values | Ben &amp; Jerry’s</title>
      <snippet>Learn about Ben &amp; Jerry's values, corporate social responsibility, company mission, and the commitment to linked prosperity &amp; sustainability.</snippet>
      <url>http://www.benjerry.co.uk/values</url>
   </document>
   <document id="31" language="en">
      <sources class="java.util.ArrayList">
         <source>ExactSeek</source>
      </sources>
      <title>Take a Bite Out of China and Vietnam on a 13 or 16-Day Glimpses of Vietnam and China Tour including Return Flights | …</title>
      <snippet>Ben and Jerry's Openair Cinema. *Melbourne. Ends: 14-10-2013 11:59:59 pm …</snippet>
      <url>http://www.hotdeals.com.au/daily-deal/05/10/2013/take-a-bite-out-of-china-and-vietnam-on-a-13-or-16-day-glimpses-of-vietnam-and-china-tour-including-return-flights</url>
   </document>
   <document id="32" language="en">
      <sources class="java.util.ArrayList">
         <source>Blekko</source>
      </sources>
      <title>Ben &amp; Jerry's - Newport, RI</title>
      <snippet>Recommended Reviews for Ben &amp; Jerry's. 33 Bannisters Wharf Newport, RI 02840. About This Business. Yelp Sort Date Rating Elites'. 6 reviews in English.</snippet>
      <url>http://www.yelp.com/biz/ben-and-jerrys-newport</url>
   </document>
   <document id="33" language="en">
      <sources class="java.util.ArrayList">
         <source>Faroo</source>
      </sources>
      <title>No regrets: government continues campaign against Ben and Jerry's</title>
      <snippet>Environment Minister Andrew Powell has no regrets about declaring war on an ice cream company for what he says are their “false and misleading” …</snippet>
      <url>http://www.watoday.com.au/queensland/no-regrets-government-continues-campaign-against-ben-and-jerrys-20140501-zr2ic.html</url>
   </document>
   <document id="34" language="en">
      <sources class="java.util.ArrayList">
         <source>Yahoo</source>
      </sources>
      <title>News | Ben &amp; Jerry’s</title>
      <snippet>Über Ben &amp; Jerry’s. Die Geschichte der zwei Typen, die in einer umgebauten Tankstelle in Burlington, Vermont, begannen, Glace zu verkaufen, das es heute auch in …</snippet>
      <url>https://secure.benjerry.ch/de/news</url>
   </document>
   <document id="35" language="en">
      <sources class="java.util.ArrayList">
         <source>Google</source>
      </sources>
      <title>Ben &amp; Jerry's</title>
      <snippet>Want to have your Ben &amp; Jerry's ice cream the way it was originally intended? Head into one of our locally owned and operated ice cream shops and dig into any …</snippet>
      <url>http://www.benjerryharvardsquare.com/</url>
   </document>
   <document id="36" language="en">
      <sources class="java.util.ArrayList">
         <source>Bing</source>
      </sources>
      <title>Ben &amp; Jerry's | B Corporation</title>
      <snippet>About Ben &amp; Jerry's. Ben &amp; Jerry’s produces a wide variety of super-premium ice cream and ice cream novelties, using high-quality ingredients including milk and …</snippet>
      <url>http://www.bcorporation.net/community/ben-jerrys</url>
   </document>
   <document id="37" language="en">
      <sources class="java.util.ArrayList">
         <source>ExactSeek</source>
      </sources>
      <title>Fighter Wiki Pages : MMA Full Contact - MMA Clothing and Gear for Fighters and Fans</title>
      <snippet>UFC boss says Thiago Silva fueled by Ben &amp; Jerry's, fighter vows. […] 10 Oct 2013. BARUERI, Brazil - You know you're having a bad night as a UFC fighter whe. […] …</snippet>
      <url>http://www.mmafullcontact.com/fighter-wiki-pages/Frank_Mir/</url>
   </document>
   <document id="38" language="en">
      <sources class="java.util.ArrayList">
         <source>Faroo</source>
      </sources>
      <title>Ben &amp; Jerry's Moves Account to Mekanism</title>
      <snippet>Ben &amp; Jerry's has moved its lead creative account to Mekanism, New York, executives of the brand confirmed. The executives declined to comment …</snippet>
      <url>http://adage.com/article/agency-news/ben-jerry-s-moves-account-mekanism/293836/</url>
   </document>
   <document id="39" language="en">
      <sources class="java.util.ArrayList">
         <source>Yahoo</source>
      </sources>
      <title>What's New | Ben &amp; Jerry’s</title>
      <snippet>Ben &amp; Jerry’s latest ice cream news, information, happenings, and general euphoria. Read more here.</snippet>
      <url>https://secure.benjerry.ch/de/whats-new</url>
   </document>
   <document id="40" language="en">
      <sources class="java.util.ArrayList">
         <source>ExactSeek</source>
      </sources>
      <title>The history of ice cream « Mr Whippy Ice Cream: Ice Cream Van hire for weddings, events and parties</title>
      <snippet>Ben Franklin, George Washington, and Thomas Jefferson were known to have regularly eaten and served ice cream. First Lady Dolley Madison is also closely associated with the early history of ice cream in the United States. … Ben …</snippet>
      <url>http://www.mrwhippyicecream.co.uk/the-history-of-ice-cream/</url>
   </document>
   <document id="41" language="en">
      <sources class="java.util.ArrayList">
         <source>Blekko</source>
      </sources>
      <title>Ben &amp; Jerry's Co-Founder on Knowing Your GMOs - Changing a Label Costs Essentially Nothing - Democracy Now</title>
      <snippet>Show for Nov 06, 2014. Ben &amp; Jerry's Co-Founder on Knowing Your GMOs: Changing a Label Costs "Essentially Nothing". A daily independent global news hour. With Amy Goodman &amp; Juan González. Jerry Greenfield, co-founder of Ben &amp; Jerry's ice cream.</snippet>
      <url>http://www.democracynow.org/2014/11/6/ben_jerry_s_co_founder_on</url>
   </document>
   <document id="42" language="en">
      <sources class="java.util.ArrayList">
         <source>Faroo</source>
      </sources>
      <title>See the Year's Best Student Work for Google, Apple, Ben &amp; Jerry's and More</title>
      <snippet>CANNES, France—A Google app that translates sign language into speech was among the forward-thinking student ideas honored at the Future Lions …</snippet>
      <url>http://www.adweek.com/news/advertising-branding/see-years-best-student-work-google-apple-ben-jerrys-and-more-158401</url>
   </document>
   <document id="43" language="en">
      <sources class="java.util.ArrayList">
         <source>Yahoo</source>
      </sources>
      <title>About Us | Ben &amp; Jerry’s</title>
      <snippet>Ben &amp; Jerry's has a long history of being a values-led company. Find out all about us o the Our Story section of our website.</snippet>
      <url>http://www.benjerry.com/about-us</url>
   </document>
   <document id="44" language="en">
      <sources class="java.util.ArrayList">
         <source>Google</source>
      </sources>
      <title>Join Our Core | Ben &amp; Jerry's</title>
      <snippet>Ben &amp; Jerry's and Ashoka are on the hunt for 11 young people from around the world who are using business to create change in their communities. Join Our …</snippet>
      <url>http://www.joinourcore.com/</url>
   </document>
   <document id="45" language="en">
      <sources class="java.util.ArrayList">
         <source>ExactSeek</source>
      </sources>
      <title>Alaska Cruises - Adventure Travel - Wildlife Tours</title>
      <snippet>Dear John, Jerry and I wanted to tell you what a wonderful trip we had with your son, Ben and the crew aboard the Discovery. Ben is an amazing you man and we know you and your wife must be very proud of him. He has a wond …</snippet>
      <url>http://www.alaskacharters.com</url>
   </document>
   <document id="46" language="en">
      <sources class="java.util.ArrayList">
         <source>Blekko</source>
      </sources>
      <title>Ben &amp; Jerry's Ice Cream Factory - Waterbury - Reviews of Ben &amp; Jerry's Ice Cream Factory - TripAdvisor</title>
      <snippet>Travelers who viewed Ben &amp; Jerry's Ice Cream Factory also viewed. What's your side of the story. Been to Ben &amp; Jerry's Ice Cream Factory. Share your experiences. Hotels around Waterbury.</snippet>
      <url>http://www.tripadvisor.com/Attraction_Review-g57438-d144561-Reviews-Ben_Jerry_s_Ice_Cream_Factory-Waterbury_Vermont.html</url>
   </document>
   <document id="47" language="en">
      <sources class="java.util.ArrayList">
         <source>Faroo</source>
      </sources>
      <title>We try five new Ben &amp; Jerry’s flavors with comedian Hari Kondabolu</title>
      <snippet>… five new flavors: Karamel Sutra previously existed as a delicious pint with a column of caramel down the middle. But Ben &amp; Jerry’s has extended …</snippet>
      <url>http://www.avclub.com/video/we-try-five-new-ben-jerrys-flavors-comedian-hari-k-203846</url>
   </document>
   <document id="48" language="en">
      <sources class="java.util.ArrayList">
         <source>ExactSeek</source>
      </sources>
      <title>Jerry Pournelle</title>
      <snippet>Tags: Arthur C. Clarke, audible.com, Ben Bova, Cassandra Rose Clarke, comics, Decoder Ring Theatre, George R. R. Martin, George Saunders, hard sf, Harlan Ellison, Harry Harrison, HBO, Image Comics, J. R.R. Tolkien, James P. Hogan, …</snippet>
      <url>http://www.sffaudio.com/?tag=jerry-pournelle</url>
   </document>
   <document id="49" language="en">
      <sources class="java.util.ArrayList">
         <source>Blekko</source>
      </sources>
      <title>New York Knicks' Jeremy Lin - Ben &amp; Jerry's apologizes for 'Lin-Sanity' flavor - ESPN New York</title>
      <snippet>Ben &amp; Jerry's sorry for fortune cookies. ESPN.com news services. Ben &amp; Jerry's, the iconic ice cream brand famous for flavors borrowed from a broad swath of the culinary spectrum, has apologized for including fortune cookies in its "Taste the …</snippet>
      <url>http://espn.go.com/new-york/nba/story/_/id/7617213/ben-jerry-apologizes-lin-sanity-flavor</url>
   </document>
   <document id="50" language="en">
      <sources class="java.util.ArrayList">
         <source>ExactSeek</source>
      </sources>
      <title>Queercents</title>
      <snippet>The Ben &amp; Jerry's ice cream shop is currently offering a special Americone Dream sundae, which includes Americone Dream ice cream (Ben &amp; Jerry's flavor made for Stephen Colbert), caramel, whipped cream and a select …</snippet>
      <url>http://www.queercents.com/page/2/</url>
   </document>
   <document id="51" language="en">
      <sources class="java.util.ArrayList">
         <source>Blekko</source>
      </sources>
      <title>Home - Ben &amp; Jerry's</title>
      <snippet>We don't know how to put this but the latest Ben &amp; Jerry's limited batch flavor ice cream is kind of a big deal. Inspired by Ron Burgundy and the new movie Anchorman 2, we're happy to bring you "Scotchy Scotch Scotch". Ben &amp; Jerry's has a …</snippet>
      <url>http://www.benjerry.ca/</url>
   </document>
   <document id="52" language="en">
      <sources class="java.util.ArrayList">
         <source>Yahoo</source>
      </sources>
      <title>Casa | Ben &amp; Jerry’s</title>
      <snippet>Sito ufficiale dei prodotti di altissima qualità Ben &amp; Jerry's: gelato, yogurt greco gelato, yogurt gelato e sorbetto. Pace, amore e gelato …</snippet>
      <url>http://www.benjerry.it/</url>
   </document>
   <document id="53" language="en">
      <sources class="java.util.ArrayList">
         <source>ExactSeek</source>
      </sources>
      <title>Magdalene College JCR</title>
      <snippet>Week 5 blues packs are here! Your yummy treats should be in your pigeon holes (unless the porters don't like you). And, if your sugar levels hadn't taken enough of a hit already, be sure to come along to Ben and Jerry's Night on …</snippet>
      <url>http://jcr.magd.cam.ac.uk/index.php?start=24</url>
   </document>
   <document id="54" language="en">
      <sources class="java.util.ArrayList">
         <source>Blekko</source>
      </sources>
      <title>Values - Ben &amp; Jerry's</title>
      <snippet>Our three-part Mission guides our decision making. We support mandatory GMO labeling. Locator service is unavailable. No scoop shops found nearby. Did you mean.</snippet>
      <url>http://benjerrys.com/activism/mission-statement/</url>
   </document>
   <document id="55" language="en">
      <sources class="java.util.ArrayList">
         <source>Yahoo</source>
      </sources>
      <title>Accueil | Ben &amp; Jerry’s</title>
      <snippet>Site officiel des crèmes glacées, glaces au yaourt grec, glaces au yaourt et sorbets de toute première qualité de Ben &amp; Jerry's. Paix, amour et crème glacée.</snippet>
      <url>http://www.benjerry.fr/</url>
   </document>
   <document id="56" language="en">
      <sources class="java.util.ArrayList">
         <source>ExactSeek</source>
      </sources>
      <title>Secular Humanism Online Library</title>
      <snippet>Ben Hyink - Fall, 2003 - Secular Humanist Bulletin *CSH Welcomes New Executive Director. - Fall, 2003 - Secular Humanist Bulletin … Jerry Dorsman - July, 2000 - FI Web Exclusive *Protect My Children From the Ten Commandments.</snippet>
      <url>http://www.secularhumanism.org/library/index.htm</url>
   </document>
   <document id="57" language="en">
      <sources class="java.util.ArrayList">
         <source>Blekko</source>
      </sources>
      <title>Ben &amp; Jerry's Announces Anchorman-Themed Scotchy Scotch Scotch Ice Cream Flavor - E - Online</title>
      <snippet>Ben &amp; Jerry's Announces Anchorman -Themed "Scotchy Scotch Scotch" Ice Cream Flavor. This just in.</snippet>
      <url>http://www.eonline.com/news/473164/ben-jerry-s-announces-anchorman-themed-scotchy-scotch-scotch-ice-cream-flavor</url>
   </document>
   <document id="58" language="en">
      <sources class="java.util.ArrayList">
         <source>Yahoo</source>
      </sources>
      <title>Ben &amp; Jerry's | Facebook</title>
      <snippet>Ben &amp; Jerry's. 7.862.453 „Gefällt mir“-Angaben · 52.064 Personen sprechen darüber · 222.018 waren hier. since 1978:Peace, Love &amp; Ice…</snippet>
      <url>https://de-de.facebook.com/benjerry.ch</url>
   </document>
   <document id="59" language="en">
      <sources class="java.util.ArrayList">
         <source>ExactSeek</source>
      </sources>
      <title>Friv Games on Dabidoo.com</title>
      <snippet>3D Games , Ben 10 Games , Airplane Games , Tom and Jerry Games , Boat Games …</snippet>
      <url>http://www.dabidoo.com</url>
   </document>
   <document id="60" language="en">
      <sources class="java.util.ArrayList">
         <source>Blekko</source>
      </sources>
      <title>Ben &amp; Jerry - Barnes &amp; Noble</title>
      <snippet>Showing 1 result for Ben &amp; Jerry in All Products. Barnes &amp; Noble bn.com. Save with New Lower Prices on Millions of Books FREE Shipping on $25 orders.</snippet>
      <url>http://www.barnesandnoble.com/c/ben--jerry/1473500</url>
   </document>
   <document id="61" language="en">
      <sources class="java.util.ArrayList">
         <source>Yahoo</source>
      </sources>
      <title>Home | Ben &amp; Jerry’s</title>
      <snippet>Ben &amp; Jerry's Pint Problems. We’ve all experienced a moment of anguish when it comes to a pint of Ben &amp; Jerry’s. We feel your pain #pintproblems.</snippet>
      <url>http://www.benjerry.jp/</url>
   </document>
   <document id="62" language="en">
      <sources class="java.util.ArrayList">
         <source>ExactSeek</source>
      </sources>
      <title>SEX TOONS TOP</title>
      <snippet>FREE CARTOON SEX Jimmy Neutron naughty sex, The Simpsons hard fuck, Family Gay home porn, Tom and Jerry extreme, Loney Toons gay sex, Jessica Rabbit straight hardcore, and more famous toon heroes porn scenes. 31. 102. … FREE CARTOON …</snippet>
      <url>http://www.topsextoons.com/index.html</url>
   </document>
   <document id="63" language="en">
      <sources class="java.util.ArrayList">
         <source>Blekko</source>
      </sources>
      <title>Ben &amp; Jerry's® Milk &amp; Cookies Ice Cream 16 oz - Target</title>
      <snippet>Ben &amp; Jerry's® Milk &amp; Cookies Ice Cream 16 oz. Ben &amp; Jerry's® Milk &amp; Cookies Ice Cream 16 oz product details page. All fields required. Sale price see store for price. Zoom is not available for this image.</snippet>
      <url>http://www.target.com/p/Ben-Jerry-s-Milk-and-Cookies-Ice-Cream-1-pt/-/A-13752632</url>
   </document>
   <document id="64" language="en">
      <sources class="java.util.ArrayList">
         <source>Yahoo</source>
      </sources>
      <title>Ben &amp; Jerry's | Brands in action | Unilever Global</title>
      <snippet>Ben &amp; Jerry’s has always been special: from being the first ice cream company to use Fairtrade-certified ingredients to its fun flavour names, it is a unique brand.</snippet>
      <url>http://www.unilever.com/brands-in-action/detail/ben-and-jerrys/291995/</url>
   </document>
   <document id="65" language="en">
      <sources class="java.util.ArrayList">
         <source>ExactSeek</source>
      </sources>
      <title>Full-service web site design, ecommerce, and strategic marketing | Tecture</title>
      <snippet>By Ben Rowland. Responsive Web Design is a new design and website construction technique for achieving a single web design that works and renders beautifully on any device with any screen size.S ounds pretty good, right? RWD promises …</snippet>
      <url>http://www.tecture.com</url>
   </document>
   <document id="66" language="en">
      <sources class="java.util.ArrayList">
         <source>Blekko</source>
      </sources>
      <title>Ben - Jerry's Concert Cancelled - Contactmusic.com</title>
      <snippet>Ben + Jerry's Concert Cancelled. A two-day concert featuring TRACY CHAPMAN and LeANN RIMES has been cancelled after dismal ticket sales.</snippet>
      <url>http://www.contactmusic.com/news-article/ben-.-jerry.s-concert-cancelled</url>
   </document>
   <document id="67" language="en">
      <sources class="java.util.ArrayList">
         <source>Yahoo</source>
      </sources>
      <title>Ben &amp; Jerry's: Verrückt nach Fairtrade | Aktuell | Newsroom | Aktuell …</title>
      <snippet>Der amerikanische Glacehersteller Ben &amp; Jerry's stellt sein gesamtes Sortiment bis Ende 2011 auf Fairtrade-Zutaten um. Neben den bereits etablierten Fairtrade-Glaces …</snippet>
      <url>http://www.maxhavelaar.ch/de/aktuell/newsroom/aktuell/ben-jerrys-verrueckt-nach-fairtrade/</url>
   </document>
   <document id="68" language="en">
      <sources class="java.util.ArrayList">
         <source>ExactSeek</source>
      </sources>
      <title>2013 NAB Show: Powered by the Digital Production BuZZ!</title>
      <snippet>2013 NAB Show Buzz: Ciphertex, Jerry Kaner. 2013 NAB Show Buzz: Cooke Optics, Les Zellan. … 2013 NAB Show Buzz: Shutterstock, Ben Pfeifer. 2013 NAB Show Buzz: Smartsound Software, Kevin Klingler. …</snippet>
      <url>http://www.nabshowbuzz.com</url>
   </document>
   <document id="69" language="en">
      <sources class="java.util.ArrayList">
         <source>Blekko</source>
      </sources>
      <title>Topic - Ben &amp; Jerry's Homemade Holdings Inc. - CSMonitor.com</title>
      <snippet>Ben &amp; Jerry's Homemade Holdings Inc. IKEA, Gap, and these eight companies pay entry-level employees more than the federal minimum wage. Can you guess which company pays the best. Ben &amp; Jerry's annual Free Cone Day is Tuesday, and the ice cream maker …</snippet>
      <url>http://www.csmonitor.com/tags/topic/Ben+%26+Jerry's+Homemade+Holdings+Inc.</url>
   </document>
   <document id="70" language="en">
      <sources class="java.util.ArrayList">
         <source>Yahoo</source>
      </sources>
      <title>Ben &amp; Jerry's - Google+</title>
      <snippet>Ben &amp; Jerry's - Peace, Love, &amp; Ice Cream - The official Ben &amp; Jerry's page on Google+ - The official Ben &amp; Jerry's Homemade page on Google+ …</snippet>
      <url>https://plus.google.com/+benandjerrys</url>
   </document>
   <document id="71" language="en">
      <sources class="java.util.ArrayList">
         <source>ExactSeek</source>
      </sources>
      <title>Free Arcade Games - Online Arcade Games Topsite</title>
      <snippet>Ben 10 Games are very fun to play online for free.. Superman Games , Batman Games , Spiderman Games , Iron Man Games , Hulk Games , Ben 10 Games , Mario Games , Sonic Games , Naruto Games , Spongebob Games , Scooby Doo Games , …</snippet>
      <url>http://www.top101arcades.com</url>
   </document>
   <document id="72" language="en">
      <sources class="java.util.ArrayList">
         <source>Blekko</source>
      </sources>
      <title>Scoopalicious - Ben &amp; Jerry's R&amp;D</title>
      <snippet>Just the other day, when I was looking up the clip about iCream Cafe, I found this clip that shows it way better than I did. (And it has John in it, who worked with my blogger friends and me when we were there.). A picture speaks a thousand words. I …</snippet>
      <url>http://scoopalicious.blogspot.com/2013/03/ben-jerrys-r.html</url>
   </document>
   <document id="73" language="en">
      <sources class="java.util.ArrayList">
         <source>Yahoo</source>
      </sources>
      <title>Home | Ben &amp; Jerry’s</title>
      <snippet>De officiële site van Ben &amp; Jerry's superieure ijs, Griekse bevroren yoghurt, bevroren yoghurt en sorbets. Vrede, liefde en ijs.</snippet>
      <url>http://www.benjerry.nl/</url>
   </document>
   <document id="74" language="en">
      <sources class="java.util.ArrayList">
         <source>ExactSeek</source>
      </sources>
      <title>SAN DIEGO SECTION: Prelims results- 141 EPI Elites! | PrepCalTrack</title>
      <snippet>Carmel /sd 4:16.82 3 Masayesva, Anthony 11 Serra /sd 4:18.40 4 Jafek, Ben 12 Torrey Pines /sd 4:18.53 5 Sweet, Ricky 12 Point Loma /sd 4:19.50 6 Ryan, Garrett 12 Westview /sd 4:19.81 7 Freeman, Christian 12 Carlsbad /sd 4:20.48 8 M …</snippet>
      <url>http://www.prepcaltrack.com/2013/05/18/san-diego-section-finals/</url>
   </document>
   <document id="75" language="en">
      <sources class="java.util.ArrayList">
         <source>Blekko</source>
      </sources>
      <title>Ben Jerry News - Search Engine Watch (#SEW)</title>
      <snippet>8 Video Types to Add to Your Content Marketing. Search Headlines &amp; Links: September 20, 2007. SearchDay Post-Cyber Monday Marketing Ideas. All Ads At MSN Search. How First Impressions Count.</snippet>
      <url>http://searchenginewatch.com/topic/ben_jerry</url>
   </document>
   <document id="76" language="en">
      <sources class="java.util.ArrayList">
         <source>Yahoo</source>
      </sources>
      <title>Contact Us | Ben &amp; Jerry’s</title>
      <snippet>Have a question about our ice cream, or just something you want us to know? Contact Ben &amp; Jerry's customer service here (CRM).</snippet>
      <url>https://secure.benjerry.com/about-us/contact-us</url>
   </document>
   <document id="77" language="en">
      <sources class="java.util.ArrayList">
         <source>ExactSeek</source>
      </sources>
      <title>Shemale webcam whores are live on cam!</title>
      <snippet>Benny:. Take a glance at Jay to realize how cute this tranny is! Her white smile, eyes filled up with desire and sappy forms of her body make my dick stiff all the time when I am fooling around with her! We are cumming in one momen …</snippet>
      <url>http://www.liveoncam.org/en/ladyboy.html</url>
   </document>
   <document id="78" language="en">
      <sources class="java.util.ArrayList">
         <source>Yahoo</source>
      </sources>
      <title>Values | Ben &amp; Jerry’s</title>
      <snippet>Learn about Ben &amp; Jerry's values, corporate social responsibility, company mission, and the commitment to linked prosperity &amp; sustainability.</snippet>
      <url>http://www.benjerry.com.sg/values</url>
   </document>
   <document id="79" language="en">
      <sources class="java.util.ArrayList">
         <source>ExactSeek</source>
      </sources>
      <title>Too many LPC students - where does responsibility lie? | News | Lawyer2b</title>
      <snippet>Ben , 3-May-2012 6:40 pm. Complete twaddle.. There are a lot of students on the LPC because a lot of people want to be able to practice law. The responsibility of a LPC course provider is to meet the course requirements as set out by t …</snippet>
      <url>http://l2b.thelawyer.com/too-many-lpc-students-where-does-responsibility-lie?/1012431.article</url>
   </document>
   <document id="80" language="en">
      <sources class="java.util.ArrayList">
         <source>Yahoo</source>
      </sources>
      <title>Parfums | Ben &amp; Jerry’s</title>
      <snippet>Discover your personal euphoria with Ben &amp; Jerry's line-up of ice cream and sorbet flavours. Enjoy!</snippet>
      <url>http://www.benjerry.fr/parfums</url>
   </document>
   <document id="81" language="en">
      <sources class="java.util.ArrayList">
         <source>ExactSeek</source>
      </sources>
      <title>Ashworth Partners</title>
      <snippet>Fortunately two different sources provided data and maps to answer Jerry's demand. The first is from the NAHB (the National Association of Home Builders) in an Eye On Housing piece called Uneven Aging. The report actually has two m …</snippet>
      <url>http://www.ashworthpartners.com</url>
   </document>
   <document id="82" language="en">
      <sources class="java.util.ArrayList">
         <source>ExactSeek</source>
      </sources>
      <title>Bio / Ecologie | MARKETING PGC</title>
      <snippet>Ben &amp; Jerry's plagie le Fromage Panda pour Défendre Sa Cause. Depuis sa création, Ben&amp;Jerry's, célèbre fabricant de glace du Vermont, fait preuve d'un engagement peu ordinaire pour la société qui l'entoure au sens …</snippet>
      <url>http://www.marketing-pgc.com/category/bio-ecologie/</url>
   </document>
   <document id="83" language="en">
      <sources class="java.util.ArrayList">
         <source>Yahoo</source>
      </sources>
      <title>Hjem | Ben &amp; Jerry’s</title>
      <snippet>Officiel side for Ben &amp; Jerry's super kvalitetsis, græsk frossen yoghurt, frossen yoghurt og sorbet. Fred, kærlighed og is.</snippet>
      <url>http://www.benjerry.dk/</url>
   </document>
   <document id="84" language="en">
      <sources class="java.util.ArrayList">
         <source>ExactSeek</source>
      </sources>
      <title>Chaz Lipp</title>
      <snippet>Tom, Jerry, and a boy named Jack take on Ginormous the giant in order to save Storybook Town theme park in this all-new animated feature. … Funny, violent, and buoyed by great turns by Ray Winstone and Ben Kingsley, British di …</snippet>
      <url>http://www.themortonreport.com/writer/chaz-lipp/</url>
   </document>
   <document id="85" language="en">
      <sources class="java.util.ArrayList">
         <source>Yahoo</source>
      </sources>
      <title>Ben &amp; Jerry's Truck (@BenJerrysTruck) | Twitter</title>
      <snippet>The latest Tweets from Ben &amp; Jerry's Truck (@BenJerrysTruck). Life on the road, #CoreTour is dishing out free scoops and smiles! East Coast friend to @BenJerrysWest.</snippet>
      <url>https://twitter.com/BenJerrysTruck</url>
   </document>
   <document id="86" language="en">
      <sources class="java.util.ArrayList">
         <source>ExactSeek</source>
      </sources>
      <title>The Adams Report by JC Adams</title>
      <snippet>Jerry Seinfeld, (b. 1954), comedian. [More quotables in my new book Filthy Remarks: CLICK HERE.] … Ben Archer, Brandon Babos, Jeremy Hall, Owen Hawk, Antonio Marquez, Carlo Masi, Peter Raeg (October 6). [Have we overlooked a P …</snippet>
      <url>http://www.gayporntimes.com</url>
   </document>
   <document id="87" language="en">
      <sources class="java.util.ArrayList">
         <source>Yahoo</source>
      </sources>
      <title>Ben Jerry (@BenJerry59) | Twitter</title>
      <snippet>The latest Tweets from Ben Jerry (@BenJerry59). Arkansas ΣΑΕ ΦΑ. Fayetteville, Arkansas …</snippet>
      <url>https://twitter.com/BenJerry59</url>
   </document>
   <document id="88" language="en">
      <sources class="java.util.ArrayList">
         <source>ExactSeek</source>
      </sources>
      <title>JOE Module de Céphalométrie - News</title>
      <snippet>Monk is undoubtedly considered to be that pianist displayed pertaining to recordings Jerry Newman made game 1941 simply by Minton's Playhouse, many of the prominent San francisco clb as soon as Monk got the house and property piani …</snippet>
      <url>http://www.mutunet.info/news.php?lng=en&amp;pg=&amp;id=4</url>
   </document>
   <document id="89" language="en">
      <sources class="java.util.ArrayList">
         <source>Yahoo</source>
      </sources>
      <title>Ben &amp; Jerry's Cookie Dough Ice Cream: 230,0 Kalorien (kcal) und …</title>
      <snippet>Ben &amp; Jerry's Cookie Dough Ice Cream 150 ml der Marke Ben &amp; Jerry's von Unilever …</snippet>
      <url>http://das-ist-drin.de/Ben-Jerrys-Cookie-Dough-Ice-Cream-150-ml--418373/</url>
   </document>
   <document id="90" language="en">
      <sources class="java.util.ArrayList">
         <source>ExactSeek</source>
      </sources>
      <title>PLAY FREE GAMES, MARIO GAMES, SONIC GAMES, FREE ONLINE GAMES</title>
      <snippet>Superman Games , Batman Games , Spiderman Games , Iron Man Games , Hulk Games , Ben 10 Games , Mario Games , Sonic Games , Naruto Games , Spongebob Games , Scooby Doo Games , Transformers Games , Power Rangers Games , X Men Games , Tom …</snippet>
      <url>http://www.66arcadegames.com</url>
   </document>
   <document id="91" language="en">
      <sources class="java.util.ArrayList">
         <source>Yahoo</source>
      </sources>
      <title>Kalorienangaben für Produkte von Ben &amp; Jerry's Deutschland - Fddb</title>
      <snippet>Kalorienangaben für Produkte von Ben &amp; Jerry's Deutschland zum Beispiel Caramel Chew Chew Ice Cream, Chunky Monkey Ice Cream, Ben &amp; Jerry's Extraordinary Sorbet …</snippet>
      <url>http://fddb.info/db/de/hersteller/ben_und_jerrys_deutschland/index.html</url>
   </document>
   <document id="92" language="en">
      <sources class="java.util.ArrayList">
         <source>ExactSeek</source>
      </sources>
      <title>ildiko v</title>
      <snippet>Ben. September 10, 2010 at 7:49 pm. Hi Elana. I found your website through Mark's Daily Apple and I have to say that your recipes are fantastic! You are really helping me make healthier meals as a college student! I figure that a g …</snippet>
      <url>http://www.elanaspantry.com/cauliflower-rice/</url>
   </document>
   <document id="93" language="en">
      <sources class="java.util.ArrayList">
         <source>Yahoo</source>
      </sources>
      <title>Hem | Ben &amp; Jerry’s</title>
      <snippet>Officiell webbplats för Ben &amp; Jerry’s exklusiva glass, frusna grekiska yoghurt, frusna yoghurt och sorbet. Fred, kärlek och glass.</snippet>
      <url>http://www.benjerry.se/</url>
   </document>
   <document id="94" language="en">
      <sources class="java.util.ArrayList">
         <source>ExactSeek</source>
      </sources>
      <title>JOIN OATH KEEPERS AND SUPPORT OPERATION SLEEPING GIANT : Operation Sleeping Giant</title>
      <snippet>CPT Jerry W Leonard, USA Ret on May 16, 2012 9:46 pm I laud your activities and find your comments and philosophy, as expressed, to be right on target. As a career officer, you are absolutely correct in your assessment. The inclusion …</snippet>
      <url>http://www.operationsleepinggiant.com/2011/08/15/join-oath-keepers-and-support-operation-sleeping-giant/</url>
   </document>
   <document id="95" language="en">
      <sources class="java.util.ArrayList">
         <source>Yahoo</source>
      </sources>
      <title>Ben and Jerry's Foundation</title>
      <snippet>The mission of the Ben &amp; Jerry's Foundation is to engage Ben &amp; Jerry's employees in philanthropy and social change work; to give back to our Vermont communities …</snippet>
      <url>http://benandjerrysfoundation.org/</url>
   </document>
   <group id="0" size="35" score="1.0">
      <title>
         <phrase>Ice Cream</phrase>
      </title>
      <group id="1" size="8" score="1.0">
         <title>
            <phrase>Love</phrase>
         </title>
         <attribute key="label-scores">
            <value>
               <wrapper class="org.carrot2.util.simplexml.ListSimpleXmlWrapper">
                  <list>
                     <value type="java.lang.Double" value="0.9146263982126437"/>
                  </list>
               </wrapper>
            </value>
         </attribute>
         <document refid="0"/>
         <document refid="2"/>
         <document refid="3"/>
         <document refid="6"/>
         <document refid="8"/>
         <document refid="16"/>
         <document refid="28"/>
         <document refid="70"/>
      </group>
      <group id="2" size="6" score="0.957013871844684">
         <title>
            <phrase>Flavors</phrase>
         </title>
         <attribute key="label-scores">
            <value>
               <wrapper class="org.carrot2.util.simplexml.ListSimpleXmlWrapper">
                  <list>
                     <value type="java.lang.Double" value="0.9275752897269636"/>
                  </list>
               </wrapper>
            </value>
         </attribute>
         <document refid="0"/>
         <document refid="12"/>
         <document refid="49"/>
         <document refid="50"/>
         <document refid="51"/>
         <document refid="57"/>
      </group>
      <group id="3" size="5" score="0.9240524523970146">
         <title>
            <phrase>Yogurt</phrase>
         </title>
         <attribute key="label-scores">
            <value>
               <wrapper class="org.carrot2.util.simplexml.ListSimpleXmlWrapper">
                  <list>
                     <value type="java.lang.Double" value="0.9241232258174127"/>
                  </list>
               </wrapper>
            </value>
         </attribute>
         <document refid="0"/>
         <document refid="1"/>
         <document refid="2"/>
         <document refid="4"/>
         <document refid="16"/>
      </group>
      <group id="4" size="2" score="0.8113309025771184">
         <title>
            <phrase>Queensland Government</phrase>
         </title>
         <attribute key="label-scores">
            <value>
               <wrapper class="org.carrot2.util.simplexml.ListSimpleXmlWrapper">
                  <list>
                     <value type="java.lang.Double" value="1.0"/>
                  </list>
               </wrapper>
            </value>
         </attribute>
         <document refid="18"/>
         <document refid="27"/>
      </group>
      <group id="5" size="2" score="0.7966974648425829">
         <title>
            <phrase>Scotchy Scotch Scotch</phrase>
         </title>
         <attribute key="label-scores">
            <value>
               <wrapper class="org.carrot2.util.simplexml.ListSimpleXmlWrapper">
                  <list>
                     <value type="java.lang.Double" value="0.9642526350719994"/>
                  </list>
               </wrapper>
            </value>
         </attribute>
         <document refid="51"/>
         <document refid="57"/>
      </group>
      <group id="6" size="2" score="0.7895215166976929">
         <title>
            <phrase>Jerry Greenfield</phrase>
         </title>
         <attribute key="label-scores">
            <value>
               <wrapper class="org.carrot2.util.simplexml.ListSimpleXmlWrapper">
                  <list>
                     <value type="java.lang.Double" value="0.946960588431467"/>
                  </list>
               </wrapper>
            </value>
         </attribute>
         <document refid="4"/>
         <document refid="41"/>
      </group>
      <group id="7" size="2" score="0.775041590352738">
         <title>
            <phrase>Cookies</phrase>
         </title>
         <attribute key="label-scores">
            <value>
               <wrapper class="org.carrot2.util.simplexml.ListSimpleXmlWrapper">
                  <list>
                     <value type="java.lang.Double" value="0.9125443499911701"/>
                  </list>
               </wrapper>
            </value>
         </attribute>
         <document refid="49"/>
         <document refid="63"/>
      </group>
      <group id="8" size="2" score="0.7685981280306853">
         <title>
            <phrase>Contact</phrase>
            <phrase>Question about our Ice Cream</phrase>
         </title>
         <attribute key="label-scores">
            <value>
               <wrapper class="org.carrot2.util.simplexml.ListSimpleXmlWrapper">
                  <list>
                     <value type="java.lang.Double" value="0.8974341851615384"/>
                     <value type="java.lang.Double" value="0.8009572138963834"/>
                  </list>
               </wrapper>
            </value>
         </attribute>
         <document refid="24"/>
         <document refid="76"/>
      </group>
      <group id="9" size="2" score="0.7671192657981555">
         <title>
            <phrase>Milk</phrase>
         </title>
         <attribute key="label-scores">
            <value>
               <wrapper class="org.carrot2.util.simplexml.ListSimpleXmlWrapper">
                  <list>
                     <value type="java.lang.Double" value="0.8939839953756037"/>
                  </list>
               </wrapper>
            </value>
         </attribute>
         <document refid="36"/>
         <document refid="63"/>
      </group>
      <group id="10" size="2" score="0.7286505149225634">
         <title>
            <phrase>Brand</phrase>
         </title>
         <attribute key="label-scores">
            <value>
               <wrapper class="org.carrot2.util.simplexml.ListSimpleXmlWrapper">
                  <list>
                     <value type="java.lang.Double" value="0.8065708388045932"/>
                  </list>
               </wrapper>
            </value>
         </attribute>
         <document refid="49"/>
         <document refid="64"/>
      </group>
      <group id="11" size="2" score="0.7286505149225634">
         <title>
            <phrase>Caramel</phrase>
         </title>
         <attribute key="label-scores">
            <value>
               <wrapper class="org.carrot2.util.simplexml.ListSimpleXmlWrapper">
                  <list>
                     <value type="java.lang.Double" value="0.8065708388045932"/>
                  </list>
               </wrapper>
            </value>
         </attribute>
         <document refid="50"/>
         <document refid="91"/>
      </group>
      <group id="12" size="2" score="0.7201415150250837">
         <title>
            <phrase>Supporting WWF's Propaganda Save the Reef Campaign</phrase>
         </title>
         <attribute key="label-scores">
            <value>
               <wrapper class="org.carrot2.util.simplexml.ListSimpleXmlWrapper">
                  <list>
                     <value type="java.lang.Double" value="0.7878429625722899"/>
                  </list>
               </wrapper>
            </value>
         </attribute>
         <document refid="22"/>
         <document refid="27"/>
      </group>
      <group id="13" size="2" score="0.6890904976454131">
         <title>
            <phrase>Best Possible Ice Cream in the Nicest Way</phrase>
         </title>
         <attribute key="label-scores">
            <value>
               <wrapper class="org.carrot2.util.simplexml.ListSimpleXmlWrapper">
                  <list>
                     <value type="java.lang.Double" value="0.7213673575858507"/>
                  </list>
               </wrapper>
            </value>
         </attribute>
         <document refid="7"/>
         <document refid="29"/>
      </group>
      <group id="14" size="8" score="0.0">
         <title>
            <phrase>Other Topics</phrase>
         </title>
         <attribute key="label-scores">
            <value>
               <wrapper class="org.carrot2.util.simplexml.ListSimpleXmlWrapper">
                  <list>
                     <value type="java.lang.Double" value="-1.0"/>
                  </list>
               </wrapper>
            </value>
         </attribute>
         <attribute key="other-topics">
            <value type="java.lang.Boolean" value="true"/>
         </attribute>
         <document refid="33"/>
         <document refid="35"/>
         <document refid="39"/>
         <document refid="40"/>
         <document refid="46"/>
         <document refid="69"/>
         <document refid="80"/>
         <document refid="89"/>
      </group>
      <attribute key="label-scores">
         <value>
            <wrapper class="org.carrot2.util.simplexml.ListSimpleXmlWrapper">
               <list>
                  <value type="java.lang.Double" value="1.0"/>
               </list>
            </wrapper>
         </value>
      </attribute>
   </group>
   <group id="15" size="5" score="0.7236281556302154">
      <title>
         <phrase>Games</phrase>
      </title>
      <attribute key="label-scores">
         <value>
            <wrapper class="org.carrot2.util.simplexml.ListSimpleXmlWrapper">
               <list>
                  <value type="java.lang.Double" value="0.9716855524402286"/>
               </list>
            </wrapper>
         </value>
      </attribute>
      <document refid="13"/>
      <document refid="59"/>
      <document refid="71"/>
      <document refid="88"/>
      <document refid="90"/>
   </group>
   <group id="16" size="6" score="0.7056326842079249">
      <title>
         <phrase>Business</phrase>
      </title>
      <attribute key="label-scores">
         <value>
            <wrapper class="org.carrot2.util.simplexml.ListSimpleXmlWrapper">
               <list>
                  <value type="java.lang.Double" value="0.864625972718622"/>
               </list>
            </wrapper>
         </value>
      </attribute>
      <document refid="5"/>
      <document refid="7"/>
      <document refid="9"/>
      <document refid="26"/>
      <document refid="32"/>
      <document refid="44"/>
   </group>
   <group id="17" size="5" score="0.6839747951371101">
      <title>
         <phrase>Responsibility</phrase>
      </title>
      <attribute key="label-scores">
         <value>
            <wrapper class="org.carrot2.util.simplexml.ListSimpleXmlWrapper">
               <list>
                  <value type="java.lang.Double" value="0.8681105387579106"/>
               </list>
            </wrapper>
         </value>
      </attribute>
      <document refid="5"/>
      <document refid="7"/>
      <document refid="30"/>
      <document refid="78"/>
      <document refid="79"/>
   </group>
   <group id="18" size="4" score="0.6536481270449095">
      <title>
         <phrase>Marketing</phrase>
      </title>
      <attribute key="label-scores">
         <value>
            <wrapper class="org.carrot2.util.simplexml.ListSimpleXmlWrapper">
               <list>
                  <value type="java.lang.Double" value="0.8610451989603111"/>
               </list>
            </wrapper>
         </value>
      </attribute>
      <document refid="17"/>
      <document refid="65"/>
      <document refid="75"/>
      <document refid="82"/>
   </group>
   <group id="19" size="4" score="0.6469666628868532">
      <title>
         <phrase>Support</phrase>
      </title>
      <attribute key="label-scores">
         <value>
            <wrapper class="org.carrot2.util.simplexml.ListSimpleXmlWrapper">
               <list>
                  <value type="java.lang.Double" value="0.8435322920721264"/>
               </list>
            </wrapper>
         </value>
      </attribute>
      <document refid="22"/>
      <document refid="27"/>
      <document refid="54"/>
      <document refid="94"/>
   </group>
   <group id="20" size="3" score="0.6288830333431477">
      <title>
         <phrase>Show</phrase>
      </title>
      <attribute key="label-scores">
         <value>
            <wrapper class="org.carrot2.util.simplexml.ListSimpleXmlWrapper">
               <list>
                  <value type="java.lang.Double" value="0.8873258714384548"/>
               </list>
            </wrapper>
         </value>
      </attribute>
      <document refid="14"/>
      <document refid="41"/>
      <document refid="68"/>
   </group>
   <group id="21" size="3" score="0.6233834026415681">
      <title>
         <phrase>Latest Tweets from Ben</phrase>
      </title>
      <attribute key="label-scores">
         <value>
            <wrapper class="org.carrot2.util.simplexml.ListSimpleXmlWrapper">
               <list>
                  <value type="java.lang.Double" value="0.8718742643396243"/>
               </list>
            </wrapper>
         </value>
      </attribute>
      <document refid="6"/>
      <document refid="85"/>
      <document refid="87"/>
   </group>
   <group id="22" size="3" score="0.6215870239632013">
      <title>
         <phrase>Tom and Jerry</phrase>
      </title>
      <attribute key="label-scores">
         <value>
            <wrapper class="org.carrot2.util.simplexml.ListSimpleXmlWrapper">
               <list>
                  <value type="java.lang.Double" value="0.8668566149091579"/>
               </list>
            </wrapper>
         </value>
      </attribute>
      <document refid="59"/>
      <document refid="62"/>
      <document refid="84"/>
   </group>
   <group id="23" size="3" score="0.611405992949276">
      <title>
         <phrase>Yoghurt</phrase>
      </title>
      <attribute key="label-scores">
         <value>
            <wrapper class="org.carrot2.util.simplexml.ListSimpleXmlWrapper">
               <list>
                  <value type="java.lang.Double" value="0.8386925221785083"/>
               </list>
            </wrapper>
         </value>
      </attribute>
      <document refid="73"/>
      <document refid="83"/>
      <document refid="93"/>
   </group>
   <group id="24" size="2" score="0.6064750332201102">
      <title>
         <phrase>New York</phrase>
      </title>
      <attribute key="label-scores">
         <value>
            <wrapper class="org.carrot2.util.simplexml.ListSimpleXmlWrapper">
               <list>
                  <value type="java.lang.Double" value="0.9580496418885368"/>
               </list>
            </wrapper>
         </value>
      </attribute>
      <document refid="38"/>
      <document refid="49"/>
   </group>
   <group id="25" size="2" score="0.5863115371633549">
      <title>
         <phrase>Umgebauten Tankstelle in Burlington</phrase>
      </title>
      <attribute key="label-scores">
         <value>
            <wrapper class="org.carrot2.util.simplexml.ListSimpleXmlWrapper">
               <list>
                  <value type="java.lang.Double" value="0.8954040186325167"/>
               </list>
            </wrapper>
         </value>
      </attribute>
      <document refid="15"/>
      <document refid="34"/>
   </group>
   <group id="26" size="2" score="0.5797205809129725">
      <title>
         <phrase>Deutschland</phrase>
      </title>
      <attribute key="label-scores">
         <value>
            <wrapper class="org.carrot2.util.simplexml.ListSimpleXmlWrapper">
               <list>
                  <value type="java.lang.Double" value="0.875385999454958"/>
               </list>
            </wrapper>
         </value>
      </attribute>
      <document refid="19"/>
      <document refid="91"/>
   </group>
   <group id="27" size="2" score="0.5782338140149361">
      <title>
         <phrase>Factory</phrase>
      </title>
      <attribute key="label-scores">
         <value>
            <wrapper class="org.carrot2.util.simplexml.ListSimpleXmlWrapper">
               <list>
                  <value type="java.lang.Double" value="0.8709016804728464"/>
               </list>
            </wrapper>
         </value>
      </attribute>
      <document refid="20"/>
      <document refid="46"/>
   </group>
   <group id="28" size="2" score="0.5782338140149361">
      <title>
         <phrase>Google</phrase>
      </title>
      <attribute key="label-scores">
         <value>
            <wrapper class="org.carrot2.util.simplexml.ListSimpleXmlWrapper">
               <list>
                  <value type="java.lang.Double" value="0.8709016804728464"/>
               </list>
            </wrapper>
         </value>
      </attribute>
      <document refid="42"/>
      <document refid="70"/>
   </group>
   <group id="29" size="2" score="0.5698146289558399">
      <title>
         <phrase>Jeremy</phrase>
      </title>
      <attribute key="label-scores">
         <value>
            <wrapper class="org.carrot2.util.simplexml.ListSimpleXmlWrapper">
               <list>
                  <value type="java.lang.Double" value="0.8457253501195084"/>
               </list>
            </wrapper>
         </value>
      </attribute>
      <document refid="49"/>
      <document refid="86"/>
   </group>
   <group id="30" size="2" score="0.5669481921980492">
      <title>
         <phrase>Student</phrase>
      </title>
      <attribute key="label-scores">
         <value>
            <wrapper class="org.carrot2.util.simplexml.ListSimpleXmlWrapper">
               <list>
                  <value type="java.lang.Double" value="0.8372379557064433"/>
               </list>
            </wrapper>
         </value>
      </attribute>
      <document refid="42"/>
      <document refid="92"/>
   </group>
   <group id="31" size="2" score="0.5669481921980492">
      <title>
         <phrase>Benandjerrys</phrase>
      </title>
      <attribute key="label-scores">
         <value>
            <wrapper class="org.carrot2.util.simplexml.ListSimpleXmlWrapper">
               <list>
                  <value type="java.lang.Double" value="0.8372379557064433"/>
               </list>
            </wrapper>
         </value>
      </attribute>
      <document refid="6"/>
      <document refid="11"/>
   </group>
   <group id="32" size="2" score="0.5669481921980492">
      <title>
         <phrase>History</phrase>
      </title>
      <attribute key="label-scores">
         <value>
            <wrapper class="org.carrot2.util.simplexml.ListSimpleXmlWrapper">
               <list>
                  <value type="java.lang.Double" value="0.8372379557064433"/>
               </list>
            </wrapper>
         </value>
      </attribute>
      <document refid="40"/>
      <document refid="43"/>
   </group>
   <group id="33" size="2" score="0.5651933561091975">
      <title>
         <phrase>Locator Service</phrase>
      </title>
      <attribute key="label-scores">
         <value>
            <wrapper class="org.carrot2.util.simplexml.ListSimpleXmlWrapper">
               <list>
                  <value type="java.lang.Double" value="0.8320630856963968"/>
               </list>
            </wrapper>
         </value>
      </attribute>
      <document refid="10"/>
      <document refid="54"/>
   </group>
   <group id="34" size="2" score="0.5583347817396729">
      <title>
         <phrase>Section</phrase>
      </title>
      <attribute key="label-scores">
         <value>
            <wrapper class="org.carrot2.util.simplexml.ListSimpleXmlWrapper">
               <list>
                  <value type="java.lang.Double" value="0.8119915794646752"/>
               </list>
            </wrapper>
         </value>
      </attribute>
      <document refid="43"/>
      <document refid="74"/>
   </group>
   <group id="35" size="2" score="0.5580151131088967">
      <title>
         <phrase>John</phrase>
      </title>
      <attribute key="label-scores">
         <value>
            <wrapper class="org.carrot2.util.simplexml.ListSimpleXmlWrapper">
               <list>
                  <value type="java.lang.Double" value="0.8110620513808735"/>
               </list>
            </wrapper>
         </value>
      </attribute>
      <document refid="45"/>
      <document refid="72"/>
   </group>
   <group id="36" size="2" score="0.5572604879160096">
      <title>
         <phrase>College</phrase>
      </title>
      <attribute key="label-scores">
         <value>
            <wrapper class="org.carrot2.util.simplexml.ListSimpleXmlWrapper">
               <list>
                  <value type="java.lang.Double" value="0.8088698741629881"/>
               </list>
            </wrapper>
         </value>
      </attribute>
      <document refid="53"/>
      <document refid="92"/>
   </group>
   <group id="37" size="2" score="0.5572604879160096">
      <title>
         <phrase>Hall</phrase>
      </title>
      <attribute key="label-scores">
         <value>
            <wrapper class="org.carrot2.util.simplexml.ListSimpleXmlWrapper">
               <list>
                  <value type="java.lang.Double" value="0.8088698741629881"/>
               </list>
            </wrapper>
         </value>
      </attribute>
      <document refid="25"/>
      <document refid="86"/>
   </group>
   <group id="38" size="17" score="0.0">
      <title>
         <phrase>Other Topics</phrase>
      </title>
      <attribute key="label-scores">
         <value>
            <wrapper class="org.carrot2.util.simplexml.ListSimpleXmlWrapper">
               <list>
                  <value type="java.lang.Double" value="-1.0"/>
               </list>
            </wrapper>
         </value>
      </attribute>
      <attribute key="other-topics">
         <value type="java.lang.Boolean" value="true"/>
      </attribute>
      <document refid="21"/>
      <document refid="23"/>
      <document refid="31"/>
      <document refid="37"/>
      <document refid="47"/>
      <document refid="48"/>
      <document refid="52"/>
      <document refid="55"/>
      <document refid="56"/>
      <document refid="58"/>
      <document refid="60"/>
      <document refid="61"/>
      <document refid="66"/>
      <document refid="67"/>
      <document refid="77"/>
      <document refid="81"/>
      <document refid="95"/>
   </group>
</searchresult>